EventId;SI-Card;CN;Mode;Source;DayOfWeek;PunchDate;PunchTime;No;Cnt
1;8643078;8;CLR;RDO;6; 2000-01-01; 11:58:01;1;21;
1;8643078;8;CHK;RDO;6; 2000-01-01; 11:58:01;2;21;
1;8643078;33; CN;RDO;6; 2000-01-01; 12:21:22;3;21;
1;8643078;36; CN;RDO;6; 2000-01-01; 12:39:51;4;21;
1;8643078;47; CN;RDO;6; 2000-01-01; 12:58:22;5;21;
1;8643078;20; CN;RDO;6; 2000-01-01; 13:21:17;6;21;
1;8643078;62; CN;RDO;6; 2000-01-01; 13:35:03;7;21;
1;8643078;44; CN;RDO;6; 2000-01-01; 13:52:42;8;21;
1;8643078;63; CN;RDO;6; 2000-01-01; 14:17:45;9;21;
1;8643078;39; CN;RDO;6; 2000-01-01; 14:34:50;10;21;
1;8643078;53; CN;RDO;6; 2000-01-01; 15:07:42;11;21;
1;8643078;65; CN;RDO;6; 2000-01-01; 15:34:58;12;21;
1;8643078;61; CN;RDO;6; 2000-01-01; 16:10:35;13;21;
1;8643078;52; CN;RDO;6; 2000-01-01; 16:26:53;14;21;
1;8643078;54; CN;RDO;6; 2000-01-01; 16:47:58;15;21;
1;8643078;25; CN;RDO;6; 2000-01-01; 17:02:36;16;21;
1;8643078;22; CN;RDO;6; 2000-01-01; 17:19:45;17;21;
1;8643078;21; CN;RDO;6; 2000-01-01; 17:34:45;18;21;
1;8643078;;FIN;RDO;6; 2000-01-01; 17:43:21.343;20;21;
1;8643078;;FIN;RDO;6; 2000-01-01; 17:43:27.089;19;21;
1;8643077;8;CLR;RDO;6; 2000-01-01; 11:57:39;1;22;
1;8643077;8;CHK;RDO;6; 2000-01-01; 11:57:39;2;22;
1;8643077;33; CN;RDO;6; 2000-01-01; 12:21:24;3;22;
1;8643077;36; CN;RDO;6; 2000-01-01; 12:39:53;4;22;
1;8643077;47; CN;RDO;6; 2000-01-01; 12:58:24;5;22;
1;8643077;20; CN;RDO;6; 2000-01-01; 13:21:21;6;22;
1;8643077;62; CN;RDO;6; 2000-01-01; 13:34:59;7;22;
1;8643077;44; CN;RDO;6; 2000-01-01; 13:52:46;8;22;
1;8643077;63; CN;RDO;6; 2000-01-01; 14:17:48;9;22;
1;8643077;39; CN;RDO;6; 2000-01-01; 14:34:52;10;22;
1;8643077;39; CN;RDO;6; 2000-01-01; 14:34:55;11;22;
1;8643077;53; CN;RDO;6; 2000-01-01; 15:07:47;12;22;
1;8643077;65; CN;RDO;6; 2000-01-01; 15:34:52;13;22;
1;8643077;61; CN;RDO;6; 2000-01-01; 16:10:37;14;22;
1;8643077;52; CN;RDO;6; 2000-01-01; 16:26:47;15;22;
1;8643077;54; CN;RDO;6; 2000-01-01; 16:48:00;16;22;
1;8643077;25; CN;RDO;6; 2000-01-01; 17:02:31;17;22;
1;8643077;22; CN;RDO;6; 2000-01-01; 17:19:24;18;22;
1;8643077;21; CN;RDO;6; 2000-01-01; 17:34:41;19;22;
1;8643077;;FIN;RDO;6; 2000-01-01; 17:43:18.644;21;22;
1;8643077;;FIN;RDO;6; 2000-01-01; 17:43:18.644;20;22;
1;8643080;7;CLR;RDO;6; 2000-01-01; 11:53:18;1;19;
1;8643080;7;CHK;RDO;6; 2000-01-01; 11:53:18;2;19;
1;8643080;23; CN;RDO;6; 2000-01-01; 12:10:28;3;19;
1;8643080;35; CN;RDO;6; 2000-01-01; 12:24:18;4;19;
1;8643080;41; CN;RDO;6; 2000-01-01; 12:38:55;5;19;
1;8643080;51; CN;RDO;6; 2000-01-01; 12:49:36;6;19;
1;8643080;50; CN;RDO;6; 2000-01-01; 13:13:20;7;19;
1;8643080;64; CN;RDO;6; 2000-01-01; 13:36:05;8;19;
1;8643080;24; CN;RDO;6; 2000-01-01; 14:02:48;9;19;
1;8643080;60; CN;RDO;6; 2000-01-01; 14:26:10;10;19;
1;8643080;43; CN;RDO;6; 2000-01-01; 15:34:05;11;19;
1;8643080;62; CN;RDO;6; 2000-01-01; 16:08:58;12;19;
1;8643080;20; CN;RDO;6; 2000-01-01; 16:24:03;13;19;
1;8643080;47; CN;RDO;6; 2000-01-01; 16:54:09;14;19;
1;8643080;36; CN;RDO;6; 2000-01-01; 17:13:11;15;19;
1;8643080;33; CN;RDO;6; 2000-01-01; 17:27:07;16;19;
1;8643080;;FIN;RDO;6; 2000-01-01; 17:45:16.910;18;19;
1;8643080;;FIN;RDO;6; 2000-01-01; 17:45:16.910;17;19;
1;8643081;7;CLR;RDO;6; 2000-01-01; 11:53:38;1;19;
1;8643081;7;CHK;RDO;6; 2000-01-01; 11:53:38;2;19;
1;8643081;23; CN;RDO;6; 2000-01-01; 12:10:33;3;19;
1;8643081;35; CN;RDO;6; 2000-01-01; 12:24:21;4;19;
1;8643081;41; CN;RDO;6; 2000-01-01; 12:38:59;5;19;
1;8643081;51; CN;RDO;6; 2000-01-01; 12:49:41;6;19;
1;8643081;50; CN;RDO;6; 2000-01-01; 13:13:24;7;19;
1;8643081;64; CN;RDO;6; 2000-01-01; 13:36:17;8;19;
1;8643081;24; CN;RDO;6; 2000-01-01; 14:02:53;9;19;
1;8643081;60; CN;RDO;6; 2000-01-01; 14:26:06;10;19;
1;8643081;43; CN;RDO;6; 2000-01-01; 15:34:11;11;19;
1;8643081;62; CN;RDO;6; 2000-01-01; 16:09:02;12;19;
1;8643081;20; CN;RDO;6; 2000-01-01; 16:24:09;13;19;
1;8643081;47; CN;RDO;6; 2000-01-01; 16:54:17;14;19;
1;8643081;36; CN;RDO;6; 2000-01-01; 17:13:15;15;19;
1;8643081;33; CN;RDO;6; 2000-01-01; 17:27:11;16;19;
1;8643081;;FIN;RDO;6; 2000-01-01; 17:45:19.671;18;19;
1;8643081;;FIN;RDO;6; 2000-01-01; 17:45:19.671;17;19;
1;8643095;8;CLR;RDO;6; 2000-01-01; 11:55:31;1;27;
1;8643095;8;CHK;RDO;6; 2000-01-01; 11:55:31;2;27;
1;8643095;22; CN;RDO;6; 2000-01-01; 12:10:33;3;27;
1;8643095;25; CN;RDO;6; 2000-01-01; 12:21:39;4;27;
1;8643095;46; CN;RDO;6; 2000-01-01; 12:35:27;5;27;
1;8643095;54; CN;RDO;6; 2000-01-01; 12:47:16;6;27;
1;8643095;52; CN;RDO;6; 2000-01-01; 13:06:28;7;27;
1;8643095;61; CN;RDO;6; 2000-01-01; 13:17:34;8;27;
1;8643095;45; CN;RDO;6; 2000-01-01; 13:35:35;9;27;
1;8643095;65; CN;RDO;6; 2000-01-01; 13:58:49;10;27;
1;8643095;53; CN;RDO;6; 2000-01-01; 14:17:53;11;27;
1;8643095;39; CN;RDO;6; 2000-01-01; 14:41:08;12;27;
1;8643095;63; CN;RDO;6; 2000-01-01; 14:50:57;13;27;
1;8643095;44; CN;RDO;6; 2000-01-01; 15:09:06;14;27;
1;8643095;62; CN;RDO;6; 2000-01-01; 15:24:54;15;27;
1;8643095;20; CN;RDO;6; 2000-01-01; 15:37:54;16;27;
1;8643095;47; CN;RDO;6; 2000-01-01; 15:58:28;17;27;
1;8643095;33; CN;RDO;6; 2000-01-01; 16:13:17;18;27;
1;8643095;35; CN;RDO;6; 2000-01-01; 16:34:44;19;27;
1;8643095;41; CN;RDO;6; 2000-01-01; 16:50:45;20;27;
1;8643095;51; CN;RDO;6; 2000-01-01; 17:06:16;21;27;
1;8643095;23; CN;RDO;6; 2000-01-01; 17:21:07;22;27;
1;8643095;32; CN;RDO;6; 2000-01-01; 17:32:31;23;27;
1;8643095;21; CN;RDO;6; 2000-01-01; 17:40:53;24;27;
1;8643095;;FIN;RDO;6; 2000-01-01; 17:47:37.394;26;27;
1;8643095;;FIN;RDO;6; 2000-01-01; 17:47:37.394;25;27;
1;8643094;8;CLR;RDO;6; 2000-01-01; 11:55:37;1;29;
1;8643094;8;CHK;RDO;6; 2000-01-01; 11:55:37;2;29;
1;8643094;22; CN;RDO;6; 2000-01-01; 12:10:35;3;29;
1;8643094;25; CN;RDO;6; 2000-01-01; 12:21:42;4;29;
1;8643094;25; CN;RDO;6; 2000-01-01; 12:21:47;5;29;
1;8643094;25; CN;RDO;6; 2000-01-01; 12:21:49;6;29;
1;8643094;46; CN;RDO;6; 2000-01-01; 12:35:30;7;29;
1;8643094;54; CN;RDO;6; 2000-01-01; 12:47:19;8;29;
1;8643094;52; CN;RDO;6; 2000-01-01; 13:06:31;9;29;
1;8643094;61; CN;RDO;6; 2000-01-01; 13:17:31;10;29;
1;8643094;45; CN;RDO;6; 2000-01-01; 13:35:38;11;29;
1;8643094;65; CN;RDO;6; 2000-01-01; 13:58:51;12;29;
1;8643094;53; CN;RDO;6; 2000-01-01; 14:17:55;13;29;
1;8643094;39; CN;RDO;6; 2000-01-01; 14:41:06;14;29;
1;8643094;63; CN;RDO;6; 2000-01-01; 14:51:00;15;29;
1;8643094;44; CN;RDO;6; 2000-01-01; 15:09:08;16;29;
1;8643094;62; CN;RDO;6; 2000-01-01; 15:24:57;17;29;
1;8643094;20; CN;RDO;6; 2000-01-01; 15:37:57;18;29;
1;8643094;47; CN;RDO;6; 2000-01-01; 15:58:31;19;29;
1;8643094;33; CN;RDO;6; 2000-01-01; 16:13:19;20;29;
1;8643094;35; CN;RDO;6; 2000-01-01; 16:34:47;21;29;
1;8643094;41; CN;RDO;6; 2000-01-01; 16:50:48;22;29;
1;8643094;51; CN;RDO;6; 2000-01-01; 17:06:14;23;29;
1;8643094;23; CN;RDO;6; 2000-01-01; 17:21:09;24;29;
1;8643094;32; CN;RDO;6; 2000-01-01; 17:32:34;25;29;
1;8643094;21; CN;RDO;6; 2000-01-01; 17:40:56;26;29;
1;8643094;;FIN;RDO;6; 2000-01-01; 17:47:38.925;28;29;
1;8643094;;FIN;RDO;6; 2000-01-01; 17:47:41.320;27;29;
1;1006148;8;CLR;RDO;6; 2000-01-01; 11:59:50;0;17;
1;1006148;8;CHK;RDO;6; 2000-01-01; 11:59:50;1;17;
1;1006148;47; CN;RDO;6; 2000-01-01; 12:16:45;2;17;
1;1006148;33; CN;RDO;6; 2000-01-01; 12:31:16;3;17;
1;1006148;35; CN;RDO;6; 2000-01-01; 12:53:41;4;17;
1;1006148;41; CN;RDO;6; 2000-01-01; 13:11:19;5;17;
1;1006148;51; CN;RDO;6; 2000-01-01; 13:24:05;6;17;
1;1006148;50; CN;RDO;6; 2000-01-01; 13:47:35;7;17;
1;1006148;64; CN;RDO;6; 2000-01-01; 14:14:57;8;17;
1;1006148;24; CN;RDO;6; 2000-01-01; 14:46:56;9;17;
1;1006148;60; CN;RDO;6; 2000-01-01; 15:04:19;10;17;
1;1006148;38; CN;RDO;6; 2000-01-01; 15:44:53;11;17;
1;1006148;43; CN;RDO;6; 2000-01-01; 16:10:40;12;17;
1;1006148;36; CN;RDO;6; 2000-01-01; 16:48:59;13;17;
1;1006148;23; CN;RDO;6; 2000-01-01; 17:28:10;14;17;
1;1006148;21; CN;RDO;6; 2000-01-01; 17:40:25;15;17;
1;1006148;;FIN;RDO;6; 2000-01-01; 17:48:12.597;16;17;
1;1602330;8;CLR;RDO;6; 2000-01-01; 11:56:05;0;17;
1;1602330;8;CHK;RDO;6; 2000-01-01; 11:56:05;1;17;
1;1602330;47; CN;RDO;6; 2000-01-01; 12:16:48;2;17;
1;1602330;33; CN;RDO;6; 2000-01-01; 12:31:19;3;17;
1;1602330;35; CN;RDO;6; 2000-01-01; 12:53:39;4;17;
1;1602330;41; CN;RDO;6; 2000-01-01; 13:11:16;5;17;
1;1602330;51; CN;RDO;6; 2000-01-01; 13:23:59;6;17;
1;1602330;50; CN;RDO;6; 2000-01-01; 13:47:42;7;17;
1;1602330;64; CN;RDO;6; 2000-01-01; 14:15:01;8;17;
1;1602330;24; CN;RDO;6; 2000-01-01; 14:46:57;9;17;
1;1602330;60; CN;RDO;6; 2000-01-01; 15:04:17;10;17;
1;1602330;38; CN;RDO;6; 2000-01-01; 15:44:50;11;17;
1;1602330;43; CN;RDO;6; 2000-01-01; 16:10:34;12;17;
1;1602330;36; CN;RDO;6; 2000-01-01; 16:48:54;13;17;
1;1602330;23; CN;RDO;6; 2000-01-01; 17:28:13;14;17;
1;1602330;21; CN;RDO;6; 2000-01-01; 17:40:28;15;17;
1;1602330;;FIN;RDO;6; 2000-01-01; 17:48:10.425;16;17;
1;7207848;8;CLR;RDO;6; 2000-01-01; 11:58:20;0;23;
1;7207848;8;CHK;RDO;6; 2000-01-01; 11:58:20;1;23;
1;7207848;47; CN;RDO;6; 2000-01-01; 12:11:56;2;23;
1;7207848;33; CN;RDO;6; 2000-01-01; 12:26:57;3;23;
1;7207848;36; CN;RDO;6; 2000-01-01; 12:41:09;4;23;
1;7207848;20; CN;RDO;6; 2000-01-01; 12:55:42;5;23;
1;7207848;62; CN;RDO;6; 2000-01-01; 13:05:32;6;23;
1;7207848;43; CN;RDO;6; 2000-01-01; 13:27:04;7;23;
1;7207848;38; CN;RDO;6; 2000-01-01; 13:47:04;8;23;
1;7207848;60; CN;RDO;6; 2000-01-01; 14:01:38;9;23;
1;7207848;35; CN;RDO;6; 2000-01-01; 14:13:57;10;23;
1;7207848;24; CN;RDO;6; 2000-01-01; 14:22:53;11;23;
1;7207848;41; CN;RDO;6; 2000-01-01; 14:31:51;12;23;
1;7207848;64; CN;RDO;6; 2000-01-01; 14:50:14;13;23;
1;7207848;50; CN;RDO;6; 2000-01-01; 15:30:16;14;23;
1;7207848;51; CN;RDO;6; 2000-01-01; 15:50:10;15;23;
1;7207848;40; CN;RDO;6; 2000-01-01; 16:08:29;16;23;
1;7207848;42; CN;RDO;6; 2000-01-01; 16:36:05;17;23;
1;7207848;34; CN;RDO;6; 2000-01-01; 17:10:14;18;23;
1;7207848;25; CN;RDO;6; 2000-01-01; 17:23:40;19;23;
1;7207848;22; CN;RDO;6; 2000-01-01; 17:38:47;20;23;
1;7207848;21; CN;RDO;6; 2000-01-01; 17:48:05;21;23;
1;7207848;;FIN;RDO;6; 2000-01-01; 17:53:22.058;22;23;
1;1399859;8;CLR;RDO;6; 2000-01-01; 11:58:16;0;23;
1;1399859;8;CHK;RDO;6; 2000-01-01; 11:58:16;1;23;
1;1399859;47; CN;RDO;6; 2000-01-01; 12:11:58;2;23;
1;1399859;33; CN;RDO;6; 2000-01-01; 12:26:59;3;23;
1;1399859;36; CN;RDO;6; 2000-01-01; 12:41:12;4;23;
1;1399859;20; CN;RDO;6; 2000-01-01; 12:55:44;5;23;
1;1399859;62; CN;RDO;6; 2000-01-01; 13:05:34;6;23;
1;1399859;43; CN;RDO;6; 2000-01-01; 13:27:08;7;23;
1;1399859;38; CN;RDO;6; 2000-01-01; 13:47:05;8;23;
1;1399859;60; CN;RDO;6; 2000-01-01; 14:01:41;9;23;
1;1399859;35; CN;RDO;6; 2000-01-01; 14:14:04;10;23;
1;1399859;24; CN;RDO;6; 2000-01-01; 14:22:54;11;23;
1;1399859;41; CN;RDO;6; 2000-01-01; 14:31:56;12;23;
1;1399859;64; CN;RDO;6; 2000-01-01; 14:50:18;13;23;
1;1399859;50; CN;RDO;6; 2000-01-01; 15:30:19;14;23;
1;1399859;51; CN;RDO;6; 2000-01-01; 15:50:16;15;23;
1;1399859;40; CN;RDO;6; 2000-01-01; 16:08:31;16;23;
1;1399859;42; CN;RDO;6; 2000-01-01; 16:36:07;17;23;
1;1399859;34; CN;RDO;6; 2000-01-01; 17:10:10;18;23;
1;1399859;25; CN;RDO;6; 2000-01-01; 17:23:46;19;23;
1;1399859;22; CN;RDO;6; 2000-01-01; 17:38:49;20;23;
1;1399859;21; CN;RDO;6; 2000-01-01; 17:48:09;21;23;
1;1399859;;FIN;RDO;6; 2000-01-01; 17:53:24.945;22;23;
1;1403690;8;CLR;RDO;6; 2000-01-01; 11:55:44;0;19;
1;1403690;8;CHK;RDO;6; 2000-01-01; 11:55:44;1;19;
1;1403690;47; CN;RDO;6; 2000-01-01; 12:12:57;2;19;
1;1403690;20; CN;RDO;6; 2000-01-01; 12:29:02;3;19;
1;1403690;62; CN;RDO;6; 2000-01-01; 12:37:28;4;19;
1;1403690;44; CN;RDO;6; 2000-01-01; 12:50:39;5;19;
1;1403690;63; CN;RDO;6; 2000-01-01; 13:14:49;6;19;
1;1403690;39; CN;RDO;6; 2000-01-01; 13:26:57;7;19;
1;1403690;53; CN;RDO;6; 2000-01-01; 13:56:31;8;19;
1;1403690;65; CN;RDO;6; 2000-01-01; 14:21:32;9;19;
1;1403690;61; CN;RDO;6; 2000-01-01; 14:42:14;10;19;
1;1403690;52; CN;RDO;6; 2000-01-01; 14:57:02;11;19;
1;1403690;54; CN;RDO;6; 2000-01-01; 15:25:49;12;19;
1;1403690;46; CN;RDO;6; 2000-01-01; 15:42:56;13;19;
1;1403690;34; CN;RDO;6; 2000-01-01; 16:13:51;14;19;
1;1403690;42; CN;RDO;6; 2000-01-01; 16:32:27;15;19;
1;1403690;40; CN;RDO;6; 2000-01-01; 17:11:13;16;19;
1;1403690;23; CN;RDO;6; 2000-01-01; 17:39:58;17;19;
1;1403690;;FIN;RDO;6; 2000-01-01; 17:53:12.316;18;19;
1;7200147;8;CLR;RDO;6; 2000-01-01; 11:58:11;0;19;
1;7200147;8;CHK;RDO;6; 2000-01-01; 11:58:11;1;19;
1;7200147;47; CN;RDO;6; 2000-01-01; 12:12:55;2;19;
1;7200147;20; CN;RDO;6; 2000-01-01; 12:29:05;3;19;
1;7200147;62; CN;RDO;6; 2000-01-01; 12:37:31;4;19;
1;7200147;44; CN;RDO;6; 2000-01-01; 12:50:40;5;19;
1;7200147;63; CN;RDO;6; 2000-01-01; 13:14:46;6;19;
1;7200147;39; CN;RDO;6; 2000-01-01; 13:27:00;7;19;
1;7200147;53; CN;RDO;6; 2000-01-01; 13:56:37;8;19;
1;7200147;65; CN;RDO;6; 2000-01-01; 14:21:37;9;19;
1;7200147;61; CN;RDO;6; 2000-01-01; 14:42:12;10;19;
1;7200147;52; CN;RDO;6; 2000-01-01; 14:57:06;11;19;
1;7200147;54; CN;RDO;6; 2000-01-01; 15:25:47;12;19;
1;7200147;46; CN;RDO;6; 2000-01-01; 15:43:03;13;19;
1;7200147;34; CN;RDO;6; 2000-01-01; 16:14:13;14;19;
1;7200147;42; CN;RDO;6; 2000-01-01; 16:32:30;15;19;
1;7200147;40; CN;RDO;6; 2000-01-01; 17:11:17;16;19;
1;7200147;23; CN;RDO;6; 2000-01-01; 17:40:00;17;19;
1;7200147;;FIN;RDO;6; 2000-01-01; 17:53:14.175;18;19;
1;9102033;8;CLR;RDO;6; 2000-01-01; 11:54:13;1;25;
1;9102033;8;CHK;RDO;6; 2000-01-01; 11:54:13;2;25;
1;9102033;21; CN;RDO;6; 2000-01-01; 12:06:30;3;25;
1;9102033;22; CN;RDO;6; 2000-01-01; 12:23:58;4;25;
1;9102033;31; CN;RDO;6; 2000-01-01; 12:39:44;5;25;
1;9102033;32; CN;RDO;6; 2000-01-01; 12:53:57;6;25;
1;9102033;23; CN;RDO;6; 2000-01-01; 13:07:00;7;25;
1;9102033;35; CN;RDO;6; 2000-01-01; 13:19:46;8;25;
1;9102033;60; CN;RDO;6; 2000-01-01; 13:36:46;9;25;
1;9102033;24; CN;RDO;6; 2000-01-01; 13:51:16;10;25;
1;9102033;41; CN;RDO;6; 2000-01-01; 14:01:56;11;25;
1;9102033;51; CN;RDO;6; 2000-01-01; 14:13:21;12;25;
1;9102033;50; CN;RDO;6; 2000-01-01; 14:28:47;13;25;
1;9102033;40; CN;RDO;6; 2000-01-01; 14:48:13;14;25;
1;9102033;42; CN;RDO;6; 2000-01-01; 15:20:46;15;25;
1;9102033;34; CN;RDO;6; 2000-01-01; 15:34:51;16;25;
1;9102033;25; CN;RDO;6; 2000-01-01; 15:54:49;17;25;
1;9102033;52; CN;RDO;6; 2000-01-01; 16:27:22;18;25;
1;9102033;61; CN;RDO;6; 2000-01-01; 16:40:26;19;25;
1;9102033;37; CN;RDO;6; 2000-01-01; 17:10:36;20;25;
1;9102033;30; CN;RDO;6; 2000-01-01; 17:25:12;21;25;
1;9102033;47; CN;RDO;6; 2000-01-01; 17:38:37;22;25;
1;9102033;;FIN;RDO;6; 2000-01-01; 17:54:35.550;24;25;
1;9102033;;FIN;RDO;6; 2000-01-01; 17:54:35.550;23;25;
1;1391652;8;CLR;RDO;6; 2000-01-01; 11:54:25;0;23;
1;1391652;8;CHK;RDO;6; 2000-01-01; 11:54:25;1;23;
1;1391652;21; CN;RDO;6; 2000-01-01; 12:06:34;2;23;
1;1391652;22; CN;RDO;6; 2000-01-01; 12:24:01;3;23;
1;1391652;31; CN;RDO;6; 2000-01-01; 12:39:48;4;23;
1;1391652;32; CN;RDO;6; 2000-01-01; 12:54:00;5;23;
1;1391652;23; CN;RDO;6; 2000-01-01; 13:07:05;6;23;
1;1391652;35; CN;RDO;6; 2000-01-01; 13:19:49;7;23;
1;1391652;60; CN;RDO;6; 2000-01-01; 13:36:43;8;23;
1;1391652;24; CN;RDO;6; 2000-01-01; 13:51:19;9;23;
1;1391652;41; CN;RDO;6; 2000-01-01; 14:01:59;10;23;
1;1391652;51; CN;RDO;6; 2000-01-01; 14:13:18;11;23;
1;1391652;50; CN;RDO;6; 2000-01-01; 14:28:44;12;23;
1;1391652;40; CN;RDO;6; 2000-01-01; 14:48:19;13;23;
1;1391652;42; CN;RDO;6; 2000-01-01; 15:20:42;14;23;
1;1391652;34; CN;RDO;6; 2000-01-01; 15:34:56;15;23;
1;1391652;25; CN;RDO;6; 2000-01-01; 15:54:56;16;23;
1;1391652;52; CN;RDO;6; 2000-01-01; 16:27:17;17;23;
1;1391652;61; CN;RDO;6; 2000-01-01; 16:40:23;18;23;
1;1391652;37; CN;RDO;6; 2000-01-01; 17:10:40;19;23;
1;1391652;30; CN;RDO;6; 2000-01-01; 17:25:11;20;23;
1;1391652;47; CN;RDO;6; 2000-01-01; 17:38:43;21;23;
1;1391652;;FIN;RDO;6; 2000-01-01; 17:54:39.261;22;23;
1;8643068;7;CLR;RDO;6; 2000-01-01; 11:55:10;1;31;
1;8643068;7;CHK;RDO;6; 2000-01-01; 11:55:10;2;31;
1;8643068;23; CN;RDO;6; 2000-01-01; 12:07:13;3;31;
1;8643068;32; CN;RDO;6; 2000-01-01; 12:14:13;4;31;
1;8643068;21; CN;RDO;6; 2000-01-01; 12:19:32;5;31;
1;8643068;31; CN;RDO;6; 2000-01-01; 12:26:53;6;31;
1;8643068;25; CN;RDO;6; 2000-01-01; 12:44:33;7;31;
1;8643068;54; CN;RDO;6; 2000-01-01; 12:52:36;8;31;
1;8643068;46; CN;RDO;6; 2000-01-01; 13:01:18;9;31;
1;8643068;34; CN;RDO;6; 2000-01-01; 13:16:39;10;31;
1;8643068;42; CN;RDO;6; 2000-01-01; 13:27:59;11;31;
1;8643068;40; CN;RDO;6; 2000-01-01; 13:44:29;12;31;
1;8643068;51; CN;RDO;6; 2000-01-01; 13:56:51;13;31;
1;8643068;64; CN;RDO;6; 2000-01-01; 14:26:26;14;31;
1;8643068;41; CN;RDO;6; 2000-01-01; 14:43:41;15;31;
1;8643068;24; CN;RDO;6; 2000-01-01; 14:50:34;16;31;
1;8643068;35; CN;RDO;6; 2000-01-01; 15:00:02;17;31;
1;8643068;60; CN;RDO;6; 2000-01-01; 15:13:55;18;31;
1;8643068;38; CN;RDO;6; 2000-01-01; 15:25:46;19;31;
1;8643068;43; CN;RDO;6; 2000-01-01; 15:39:29;20;31;
1;8643068;36; CN;RDO;6; 2000-01-01; 16:08:03;21;31;
1;8643068;33; CN;RDO;6; 2000-01-01; 16:20:10;22;31;
1;8643068;47; CN;RDO;6; 2000-01-01; 16:29:56;23;31;
1;8643068;30; CN;RDO;6; 2000-01-01; 16:39:51;24;31;
1;8643068;37; CN;RDO;6; 2000-01-01; 16:55:26;25;31;
1;8643068;61; CN;RDO;6; 2000-01-01; 17:15:31;26;31;
1;8643068;52; CN;RDO;6; 2000-01-01; 17:26:18;27;31;
1;8643068;22; CN;RDO;6; 2000-01-01; 17:46:22;28;31;
1;8643068;;FIN;RDO;6; 2000-01-01; 17:56:52.515;30;31;
1;8643068;;FIN;RDO;6; 2000-01-01; 17:56:52.515;29;31;
1;8643067;7;CLR;RDO;6; 2000-01-01; 11:55:07;1;30;
1;8643067;7;CHK;RDO;6; 2000-01-01; 11:55:07;2;30;
1;8643067;23; CN;RDO;6; 2000-01-01; 12:07:10;3;30;
1;8643067;32; CN;RDO;6; 2000-01-01; 12:14:15;4;30;
1;8643067;21; CN;RDO;6; 2000-01-01; 12:19:30;5;30;
1;8643067;31; CN;RDO;6; 2000-01-01; 12:26:51;6;30;
1;8643067;25; CN;RDO;6; 2000-01-01; 12:44:31;7;30;
1;8643067;54; CN;RDO;6; 2000-01-01; 12:52:33;8;30;
1;8643067;46; CN;RDO;6; 2000-01-01; 13:01:20;9;30;
1;8643067;34; CN;RDO;6; 2000-01-01; 13:16:44;10;30;
1;8643067;42; CN;RDO;6; 2000-01-01; 13:27:55;11;30;
1;8643067;40; CN;RDO;6; 2000-01-01; 13:44:31;12;30;
1;8643067;51; CN;RDO;6; 2000-01-01; 13:56:55;13;30;
1;8643067;64; CN;RDO;6; 2000-01-01; 14:26:31;14;30;
1;8643067;41; CN;RDO;6; 2000-01-01; 14:43:38;15;30;
1;8643067;24; CN;RDO;6; 2000-01-01; 14:50:36;16;30;
1;8643067;35; CN;RDO;6; 2000-01-01; 15:00:04;17;30;
1;8643067;60; CN;RDO;6; 2000-01-01; 15:13:13;18;30;
1;8643067;38; CN;RDO;6; 2000-01-01; 15:25:50;19;30;
1;8643067;43; CN;RDO;6; 2000-01-01; 15:39:33;20;30;
1;8643067;36; CN;RDO;6; 2000-01-01; 16:08:00;21;30;
1;8643067;33; CN;RDO;6; 2000-01-01; 16:20:13;22;30;
1;8643067;47; CN;RDO;6; 2000-01-01; 16:29:58;23;30;
1;8643067;30; CN;RDO;6; 2000-01-01; 16:39:57;24;30;
1;8643067;61; CN;RDO;6; 2000-01-01; 17:15:36;25;30;
1;8643067;52; CN;RDO;6; 2000-01-01; 17:26:24;26;30;
1;8643067;22; CN;RDO;6; 2000-01-01; 17:46:30;27;30;
1;8643067;;FIN;RDO;6; 2000-01-01; 17:56:55.027;29;30;
1;8643067;;FIN;RDO;6; 2000-01-01; 17:56:55.027;28;30;
1;8643083;7;CLR;RDO;6; 2000-01-01; 11:59:05;1;23;
1;8643083;7;CHK;RDO;6; 2000-01-01; 11:59:05;2;23;
1;8643083;23; CN;RDO;6; 2000-01-01; 12:13:16;3;23;
1;8643083;32; CN;RDO;6; 2000-01-01; 12:23:05;4;23;
1;8643083;21; CN;RDO;6; 2000-01-01; 12:32:47;5;23;
1;8643083;31; CN;RDO;6; 2000-01-01; 12:43:39;6;23;
1;8643083;22; CN;RDO;6; 2000-01-01; 12:58:30;7;23;
1;8643083;25; CN;RDO;6; 2000-01-01; 13:14:46;8;23;
1;8643083;54; CN;RDO;6; 2000-01-01; 13:29:51;9;23;
1;8643083;52; CN;RDO;6; 2000-01-01; 13:57:45;10;23;
1;8643083;61; CN;RDO;6; 2000-01-01; 14:12:35;11;23;
1;8643083;65; CN;RDO;6; 2000-01-01; 14:40:11;12;23;
1;8643083;53; CN;RDO;6; 2000-01-01; 15:09:16;13;23;
1;8643083;37; CN;RDO;6; 2000-01-01; 15:32:26;14;23;
1;8643083;44; CN;RDO;6; 2000-01-01; 16:19:52;15;23;
1;8643083;62; CN;RDO;6; 2000-01-01; 16:34:44;16;23;
1;8643083;20; CN;RDO;6; 2000-01-01; 16:46:51;17;23;
1;8643083;36; CN;RDO;6; 2000-01-01; 17:07:49;18;23;
1;8643083;33; CN;RDO;6; 2000-01-01; 17:22:22;19;23;
1;8643083;47; CN;RDO;6; 2000-01-01; 17:39:24;20;23;
1;8643083;;FIN;RDO;6; 2000-01-01; 17:56:15.648;22;23;
1;8643083;;FIN;RDO;6; 2000-01-01; 17:56:15.648;21;23;
1;8643082;7;CLR;RDO;6; 2000-01-01; 11:58:54;1;24;
1;8643082;7;CHK;RDO;6; 2000-01-01; 11:58:54;2;24;
1;8643082;23; CN;RDO;6; 2000-01-01; 12:13:18;3;24;
1;8643082;23; CN;RDO;6; 2000-01-01; 12:13:30;4;24;
1;8643082;32; CN;RDO;6; 2000-01-01; 12:23:07;5;24;
1;8643082;21; CN;RDO;6; 2000-01-01; 12:32:51;6;24;
1;8643082;31; CN;RDO;6; 2000-01-01; 12:43:34;7;24;
1;8643082;22; CN;RDO;6; 2000-01-01; 12:58:28;8;24;
1;8643082;25; CN;RDO;6; 2000-01-01; 13:14:43;9;24;
1;8643082;54; CN;RDO;6; 2000-01-01; 13:29:48;10;24;
1;8643082;52; CN;RDO;6; 2000-01-01; 13:57:42;11;24;
1;8643082;61; CN;RDO;6; 2000-01-01; 14:12:32;12;24;
1;8643082;65; CN;RDO;6; 2000-01-01; 14:40:06;13;24;
1;8643082;53; CN;RDO;6; 2000-01-01; 15:09:12;14;24;
1;8643082;37; CN;RDO;6; 2000-01-01; 15:32:35;15;24;
1;8643082;44; CN;RDO;6; 2000-01-01; 16:19:46;16;24;
1;8643082;62; CN;RDO;6; 2000-01-01; 16:34:46;17;24;
1;8643082;20; CN;RDO;6; 2000-01-01; 16:46:48;18;24;
1;8643082;36; CN;RDO;6; 2000-01-01; 17:07:53;19;24;
1;8643082;33; CN;RDO;6; 2000-01-01; 17:22:18;20;24;
1;8643082;47; CN;RDO;6; 2000-01-01; 17:39:20;21;24;
1;8643082;;FIN;RDO;6; 2000-01-01; 17:56:18.234;23;24;
1;8643082;;FIN;RDO;6; 2000-01-01; 17:56:18.234;22;24;
1;8643084;7;CLR;RDO;6; 2000-01-01; 11:58:48;1;23;
1;8643084;7;CHK;RDO;6; 2000-01-01; 11:58:48;2;23;
1;8643084;23; CN;RDO;6; 2000-01-01; 12:13:22;3;23;
1;8643084;32; CN;RDO;6; 2000-01-01; 12:23:10;4;23;
1;8643084;21; CN;RDO;6; 2000-01-01; 12:32:58;5;23;
1;8643084;31; CN;RDO;6; 2000-01-01; 12:43:43;6;23;
1;8643084;22; CN;RDO;6; 2000-01-01; 12:58:34;7;23;
1;8643084;25; CN;RDO;6; 2000-01-01; 13:14:39;8;23;
1;8643084;54; CN;RDO;6; 2000-01-01; 13:29:56;9;23;
1;8643084;52; CN;RDO;6; 2000-01-01; 13:57:50;10;23;
1;8643084;61; CN;RDO;6; 2000-01-01; 14:12:27;11;23;
1;8643084;65; CN;RDO;6; 2000-01-01; 14:39:58;12;23;
1;8643084;53; CN;RDO;6; 2000-01-01; 15:09:06;13;23;
1;8643084;37; CN;RDO;6; 2000-01-01; 15:32:31;14;23;
1;8643084;44; CN;RDO;6; 2000-01-01; 16:19:49;15;23;
1;8643084;62; CN;RDO;6; 2000-01-01; 16:34:39;16;23;
1;8643084;20; CN;RDO;6; 2000-01-01; 16:46:45;17;23;
1;8643084;36; CN;RDO;6; 2000-01-01; 17:07:57;18;23;
1;8643084;33; CN;RDO;6; 2000-01-01; 17:22:25;19;23;
1;8643084;47; CN;RDO;6; 2000-01-01; 17:39:18;20;23;
1;8643084;;FIN;RDO;6; 2000-01-01; 17:56:22.273;22;23;
1;8643084;;FIN;RDO;6; 2000-01-01; 17:56:22.273;21;23;
1;8643087;7;CLR;RDO;6; 2000-01-01; 11:57:34;1;25;
1;8643087;7;CHK;RDO;6; 2000-01-01; 11:57:34;2;25;
1;8643087;23; CN;RDO;6; 2000-01-01; 12:10:05;3;25;
1;8643087;35; CN;RDO;6; 2000-01-01; 12:21:15;4;25;
1;8643087;41; CN;RDO;6; 2000-01-01; 12:35:12;5;25;
1;8643087;51; CN;RDO;6; 2000-01-01; 12:44:12;6;25;
1;8643087;50; CN;RDO;6; 2000-01-01; 13:00:12;7;25;
1;8643087;64; CN;RDO;6; 2000-01-01; 13:20:02;8;25;
1;8643087;24; CN;RDO;6; 2000-01-01; 13:41:07;9;25;
1;8643087;60; CN;RDO;6; 2000-01-01; 13:56:45;10;25;
1;8643087;38; CN;RDO;6; 2000-01-01; 14:11:42;11;25;
1;8643087;43; CN;RDO;6; 2000-01-01; 14:31:20;12;25;
1;8643087;36; CN;RDO;6; 2000-01-01; 15:02:58;13;25;
1;8643087;20; CN;RDO;6; 2000-01-01; 15:19:57;14;25;
1;8643087;62; CN;RDO;6; 2000-01-01; 15:30:10;15;25;
1;8643087;44; CN;RDO;6; 2000-01-01; 15:50:53;16;25;
1;8643087;63; CN;RDO;6; 2000-01-01; 16:10:50;17;25;
1;8643087;39; CN;RDO;6; 2000-01-01; 16:23:19;18;25;
1;8643087;53; CN;RDO;6; 2000-01-01; 16:54:30;19;25;
1;8643087;37; CN;RDO;6; 2000-01-01; 17:10:50;20;25;
1;8643087;30; CN;RDO;6; 2000-01-01; 17:25:19;21;25;
1;8643087;47; CN;RDO;6; 2000-01-01; 17:40:28;22;25;
1;8643087;;FIN;RDO;6; 2000-01-01; 17:57:31.632;24;25;
1;8643087;;FIN;RDO;6; 2000-01-01; 17:57:31.632;23;25;
1;8643088;7;CLR;RDO;6; 2000-01-01; 11:57:29;1;25;
1;8643088;7;CHK;RDO;6; 2000-01-01; 11:57:29;2;25;
1;8643088;23; CN;RDO;6; 2000-01-01; 12:10:03;3;25;
1;8643088;35; CN;RDO;6; 2000-01-01; 12:21:14;4;25;
1;8643088;41; CN;RDO;6; 2000-01-01; 12:35:07;5;25;
1;8643088;51; CN;RDO;6; 2000-01-01; 12:44:14;6;25;
1;8643088;50; CN;RDO;6; 2000-01-01; 13:00:14;7;25;
1;8643088;64; CN;RDO;6; 2000-01-01; 13:20:00;8;25;
1;8643088;24; CN;RDO;6; 2000-01-01; 13:41:04;9;25;
1;8643088;60; CN;RDO;6; 2000-01-01; 13:56:48;10;25;
1;8643088;38; CN;RDO;6; 2000-01-01; 14:11:39;11;25;
1;8643088;43; CN;RDO;6; 2000-01-01; 14:31:30;12;25;
1;8643088;36; CN;RDO;6; 2000-01-01; 15:03:00;13;25;
1;8643088;20; CN;RDO;6; 2000-01-01; 15:20:05;14;25;
1;8643088;62; CN;RDO;6; 2000-01-01; 15:30:09;15;25;
1;8643088;44; CN;RDO;6; 2000-01-01; 15:50:57;16;25;
1;8643088;63; CN;RDO;6; 2000-01-01; 16:11:02;17;25;
1;8643088;39; CN;RDO;6; 2000-01-01; 16:23:28;18;25;
1;8643088;53; CN;RDO;6; 2000-01-01; 16:54:26;19;25;
1;8643088;37; CN;RDO;6; 2000-01-01; 17:10:46;20;25;
1;8643088;30; CN;RDO;6; 2000-01-01; 17:25:16;21;25;
1;8643088;47; CN;RDO;6; 2000-01-01; 17:40:32;22;25;
1;8643088;;FIN;RDO;6; 2000-01-01; 17:57:29.546;24;25;
1;8643088;;FIN;RDO;6; 2000-01-01; 17:57:29.546;23;25;
1;8643091;8;CLR;RDO;6; 2000-01-01; 12:00:26;1;20;
1;8643091;8;CHK;RDO;6; 2000-01-01; 12:00:26;2;20;
1;8643091;23; CN;RDO;6; 2000-01-01; 12:13:36;3;20;
1;8643091;51; CN;RDO;6; 2000-01-01; 12:34:19;4;20;
1;8643091;50; CN;RDO;6; 2000-01-01; 12:54:00;5;20;
1;8643091;41; CN;RDO;6; 2000-01-01; 13:10:40;6;20;
1;8643091;24; CN;RDO;6; 2000-01-01; 13:22:45;7;20;
1;8643091;60; CN;RDO;6; 2000-01-01; 13:40:47;8;20;
1;8643091;36; CN;RDO;6; 2000-01-01; 14:19:09;9;20;
1;8643091;62; CN;RDO;6; 2000-01-01; 14:49:14;10;20;
1;8643091;44; CN;RDO;6; 2000-01-01; 15:09:56;11;20;
1;8643091;63; CN;RDO;6; 2000-01-01; 15:34:00;12;20;
1;8643091;39; CN;RDO;6; 2000-01-01; 15:48:52;13;20;
1;8643091;53; CN;RDO;6; 2000-01-01; 16:21:45;14;20;
1;8643091;65; CN;RDO;6; 2000-01-01; 16:51:51;15;20;
1;8643091;61; CN;RDO;6; 2000-01-01; 17:12:38;16;20;
1;8643091;22; CN;RDO;6; 2000-01-01; 17:44:02;17;20;
1;8643091;;FIN;RDO;6; 2000-01-01; 17:57:45.640;19;20;
1;8643091;;FIN;RDO;6; 2000-01-01; 17:57:51.800;18;20;
1;8643092;8;CLR;RDO;6; 2000-01-01; 12:00:32;1;20;
1;8643092;8;CHK;RDO;6; 2000-01-01; 12:00:32;2;20;
1;8643092;23; CN;RDO;6; 2000-01-01; 12:13:40;3;20;
1;8643092;51; CN;RDO;6; 2000-01-01; 12:34:15;4;20;
1;8643092;50; CN;RDO;6; 2000-01-01; 12:53:57;5;20;
1;8643092;41; CN;RDO;6; 2000-01-01; 13:10:37;6;20;
1;8643092;24; CN;RDO;6; 2000-01-01; 13:22:43;7;20;
1;8643092;60; CN;RDO;6; 2000-01-01; 13:40:39;8;20;
1;8643092;36; CN;RDO;6; 2000-01-01; 14:19:13;9;20;
1;8643092;62; CN;RDO;6; 2000-01-01; 14:49:08;10;20;
1;8643092;44; CN;RDO;6; 2000-01-01; 15:09:54;11;20;
1;8643092;63; CN;RDO;6; 2000-01-01; 15:33:57;12;20;
1;8643092;39; CN;RDO;6; 2000-01-01; 15:49:02;13;20;
1;8643092;53; CN;RDO;6; 2000-01-01; 16:21:34;14;20;
1;8643092;65; CN;RDO;6; 2000-01-01; 16:51:41;15;20;
1;8643092;61; CN;RDO;6; 2000-01-01; 17:12:44;16;20;
1;8643092;22; CN;RDO;6; 2000-01-01; 17:43:58;17;20;
1;8643092;;FIN;RDO;6; 2000-01-01; 17:57:41.531;19;20;
1;8643092;;FIN;RDO;6; 2000-01-01; 17:57:41.531;18;20;
1;8643093;8;CLR;RDO;6; 2000-01-01; 12:00:37;1;20;
1;8643093;8;CHK;RDO;6; 2000-01-01; 12:00:37;2;20;
1;8643093;23; CN;RDO;6; 2000-01-01; 12:13:45;3;20;
1;8643093;51; CN;RDO;6; 2000-01-01; 12:34:23;4;20;
1;8643093;50; CN;RDO;6; 2000-01-01; 12:53:55;5;20;
1;8643093;41; CN;RDO;6; 2000-01-01; 13:10:46;6;20;
1;8643093;24; CN;RDO;6; 2000-01-01; 13:22:48;7;20;
1;8643093;60; CN;RDO;6; 2000-01-01; 13:41:13;8;20;
1;8643093;36; CN;RDO;6; 2000-01-01; 14:19:20;9;20;
1;8643093;62; CN;RDO;6; 2000-01-01; 14:49:12;10;20;
1;8643093;44; CN;RDO;6; 2000-01-01; 15:10:01;11;20;
1;8643093;63; CN;RDO;6; 2000-01-01; 15:34:10;12;20;
1;8643093;39; CN;RDO;6; 2000-01-01; 15:49:07;13;20;
1;8643093;53; CN;RDO;6; 2000-01-01; 16:21:41;14;20;
1;8643093;65; CN;RDO;6; 2000-01-01; 16:51:47;15;20;
1;8643093;61; CN;RDO;6; 2000-01-01; 17:12:47;16;20;
1;8643093;22; CN;RDO;6; 2000-01-01; 17:44:05;17;20;
1;8643093;;FIN;RDO;6; 2000-01-01; 17:57:49.320;19;20;
1;8643093;;FIN;RDO;6; 2000-01-01; 17:57:55.070;18;20;
1;8643070;1;CLR;RDO;6; 2000-01-01; 15:26:01;1;48;
1;8643070;1;CHK;RDO;6; 2000-01-01; 15:26:01;2;48;
1;8643070;;STA;RDO;6; 2000-01-01; 15:26:26.277;4;48;
1;8643070;;STA;RDO;6; 2000-01-01; 15:26:26.277;3;48;
1;8643070;112; CN;RDO;6; 2000-01-01; 15:30:53;5;48;
1;8643070;31; CN;RDO;6; 2000-01-01; 15:35:25;6;48;
1;8643070;54; CN;RDO;6; 2000-01-01; 15:40:14;7;48;
1;8643070;69; CN;RDO;6; 2000-01-01; 15:43:45;8;48;
1;8643070;65; CN;RDO;6; 2000-01-01; 15:49:28;9;48;
1;8643070;99; CN;RDO;6; 2000-01-01; 15:51:35;10;48;
1;8643070;62; CN;RDO;6; 2000-01-01; 15:57:03;11;48;
1;8643070;43; CN;RDO;6; 2000-01-01; 16:03:25;12;48;
1;8643070;85; CN;RDO;6; 2000-01-01; 16:13:49;13;48;
1;8643070;106; CN;RDO;6; 2000-01-01; 16:22:28;14;48;
1;8643070;36; CN;RDO;6; 2000-01-01; 16:29:29;15;48;
1;8643070;67; CN;RDO;6; 2000-01-01; 16:32:58;16;48;
1;8643070;58; CN;RDO;6; 2000-01-01; 16:38:18;17;48;
1;8643070;42; CN;RDO;6; 2000-01-01; 16:46:03;18;48;
1;8643070;76; CN;RDO;6; 2000-01-01; 16:54:07;19;48;
1;8643070;49; CN;RDO;6; 2000-01-01; 16:58:44;20;48;
1;8643070;117; CN;RDO;6; 2000-01-01; 17:05:24;21;48;
1;8643070;59; CN;RDO;6; 2000-01-01; 17:05:37;22;48;
1;8643070;102; CN;RDO;6; 2000-01-01; 17:10:30;23;48;
1;8643070;72; CN;RDO;6; 2000-01-01; 17:18:51;24;48;
1;8643070;81; CN;RDO;6; 2000-01-01; 17:23:30;25;48;
1;8643070;103; CN;RDO;6; 2000-01-01; 17:28:21;26;48;
1;8643070;23; CN;RDO;6; 2000-01-01; 12:07:08;27;48;
1;8643070;32; CN;RDO;6; 2000-01-01; 12:14:18;28;48;
1;8643070;21; CN;RDO;6; 2000-01-01; 12:20:02;29;48;
1;8643070;31; CN;RDO;6; 2000-01-01; 12:29:29;30;48;
1;8643070;25; CN;RDO;6; 2000-01-01; 12:51:19;31;48;
1;8643070;34; CN;RDO;6; 2000-01-01; 13:19:47;32;48;
1;8643070;42; CN;RDO;6; 2000-01-01; 13:31:50;33;48;
1;8643070;40; CN;RDO;6; 2000-01-01; 13:55:47;34;48;
1;8643070;50; CN;RDO;6; 2000-01-01; 14:27:36;35;48;
1;8643070;51; CN;RDO;6; 2000-01-01; 14:40:44;36;48;
1;8643070;41; CN;RDO;6; 2000-01-01; 14:52:36;37;48;
1;8643070;64; CN;RDO;6; 2000-01-01; 15:16:01;38;48;
1;8643070;24; CN;RDO;6; 2000-01-01; 15:44:01;39;48;
1;8643070;35; CN;RDO;6; 2000-01-01; 15:56:25;40;48;
1;8643070;60; CN;RDO;6; 2000-01-01; 16:12:30;41;48;
1;8643070;38; CN;RDO;6; 2000-01-01; 16:28:36;42;48;
1;8643070;43; CN;RDO;6; 2000-01-01; 16:50:32;43;48;
1;8643070;36; CN;RDO;6; 2000-01-01; 17:23:59;44;48;
1;8643070;33; CN;RDO;6; 2000-01-01; 17:41:46;45;48;
1;8643070;11;FIN;RDO;6; 2000-01-01; 17:29:09;47;48;
1;8643070;;FIN;RDO;6; 2000-01-01; 17:58:19.179;46;48;
1;8643069;1;CLR;RDO;6; 2000-01-01; 17:04:40;1;49;
1;8643069;1;CHK;RDO;6; 2000-01-01; 17:04:40;2;49;
1;8643069;;STA;RDO;6; 2000-01-01; 17:05:01.101;4;49;
1;8643069;;STA;RDO;6; 2000-01-01; 17:05:01.101;3;49;
1;8643069;109; CN;RDO;6; 2000-01-01; 17:10:45;5;49;
1;8643069;32; CN;RDO;6; 2000-01-01; 17:17:37;6;49;
1;8643069;52; CN;RDO;6; 2000-01-01; 17:30:34;7;49;
1;8643069;97; CN;RDO;6; 2000-01-01; 17:30:41;8;49;
1;8643069;70; CN;RDO;6; 2000-01-01; 17:30:52;9;49;
1;8643069;66; CN;RDO;6; 2000-01-01; 17:31:22;10;49;
1;8643069;99; CN;RDO;6; 2000-01-01; 17:31:34;11;49;
1;8643069;62; CN;RDO;6; 2000-01-01; 17:36:38;12;49;
1;8643069;93; CN;RDO;6; 2000-01-01; 17:41:36;13;49;
1;8643069;85; CN;RDO;6; 2000-01-01; 17:46:30;14;49;
1;8643069;106; CN;RDO;6; 2000-01-01; 17:50:56;15;49;
1;8643069;38; CN;RDO;6; 2000-01-01; 18:05:06;16;49;
1;8643069;68; CN;RDO;6; 2000-01-01; 18:13:58;17;49;
1;8643069;58; CN;RDO;6; 2000-01-01; 18:16:10;18;49;
1;8643069;41; CN;RDO;6; 2000-01-01; 18:16:54;19;49;
1;8643069;77; CN;RDO;6; 2000-01-01; 18:25:14;20;49;
1;8643069;49; CN;RDO;6; 2000-01-01; 18:28:36;21;49;
1;8643069;89; CN;RDO;6; 2000-01-01; 18:33:10;22;49;
1;8643069;59; CN;RDO;6; 2000-01-01; 18:33:19;23;49;
1;8643069;102; CN;RDO;6; 2000-01-01; 18:37:20;24;49;
1;8643069;73; CN;RDO;6; 2000-01-01; 18:51:10;25;49;
1;8643069;81; CN;RDO;6; 2000-01-01; 18:59:29;26;49;
1;8643069;105; CN;RDO;6; 2000-01-01; 19:01:30;27;49;
1;8643069;23; CN;RDO;6; 2000-01-01; 12:07:14;28;49;
1;8643069;32; CN;RDO;6; 2000-01-01; 12:14:23;29;49;
1;8643069;21; CN;RDO;6; 2000-01-01; 12:20:11;30;49;
1;8643069;31; CN;RDO;6; 2000-01-01; 12:29:33;31;49;
1;8643069;25; CN;RDO;6; 2000-01-01; 12:51:26;32;49;
1;8643069;34; CN;RDO;6; 2000-01-01; 13:19:51;33;49;
1;8643069;42; CN;RDO;6; 2000-01-01; 13:31:57;34;49;
1;8643069;40; CN;RDO;6; 2000-01-01; 13:55:52;35;49;
1;8643069;50; CN;RDO;6; 2000-01-01; 14:27:40;36;49;
1;8643069;51; CN;RDO;6; 2000-01-01; 14:40:50;37;49;
1;8643069;41; CN;RDO;6; 2000-01-01; 14:52:40;38;49;
1;8643069;64; CN;RDO;6; 2000-01-01; 15:16:25;39;49;
1;8643069;24; CN;RDO;6; 2000-01-01; 15:44:09;40;49;
1;8643069;35; CN;RDO;6; 2000-01-01; 15:56:38;41;49;
1;8643069;60; CN;RDO;6; 2000-01-01; 16:12:38;42;49;
1;8643069;38; CN;RDO;6; 2000-01-01; 16:28:40;43;49;
1;8643069;43; CN;RDO;6; 2000-01-01; 16:50:46;44;49;
1;8643069;36; CN;RDO;6; 2000-01-01; 17:24:02;45;49;
1;8643069;33; CN;RDO;6; 2000-01-01; 17:41:58;46;49;
1;8643069;11;FIN;RDO;6; 2000-01-01; 19:02:43;48;49;
1;8643069;;FIN;RDO;6; 2000-01-01; 17:58:24.316;47;49;
1;1603076;8;CLR;RDO;6; 2000-01-01; 11:53:01;0;30;
1;1603076;8;CHK;RDO;6; 2000-01-01; 11:53:01;1;30;
1;1603076;22; CN;RDO;6; 2000-01-01; 12:08:33;2;30;
1;1603076;31; CN;RDO;6; 2000-01-01; 12:18:23;3;30;
1;1603076;21; CN;RDO;6; 2000-01-01; 12:26:20;4;30;
1;1603076;32; CN;RDO;6; 2000-01-01; 12:32:19;5;30;
1;1603076;23; CN;RDO;6; 2000-01-01; 12:41:23;6;30;
1;1603076;35; CN;RDO;6; 2000-01-01; 12:51:07;7;30;
1;1603076;60; CN;RDO;6; 2000-01-01; 13:01:58;8;30;
1;1603076;38; CN;RDO;6; 2000-01-01; 13:12:01;9;30;
1;1603076;24; CN;RDO;6; 2000-01-01; 13:24:21;10;30;
1;1603076;64; CN;RDO;6; 2000-01-01; 13:42:43;11;30;
1;1603076;50; CN;RDO;6; 2000-01-01; 14:02:47;12;30;
1;1603076;41; CN;RDO;6; 2000-01-01; 14:16:13;13;30;
1;1603076;51; CN;RDO;6; 2000-01-01; 14:24:08;14;30;
1;1603076;40; CN;RDO;6; 2000-01-01; 14:40:08;15;30;
1;1603076;42; CN;RDO;6; 2000-01-01; 15:04:01;16;30;
1;1603076;34; CN;RDO;6; 2000-01-01; 15:16:48;17;30;
1;1603076;25; CN;RDO;6; 2000-01-01; 15:29:39;18;30;
1;1603076;46; CN;RDO;6; 2000-01-01; 15:42:00;19;30;
1;1603076;54; CN;RDO;6; 2000-01-01; 15:54:06;20;30;
1;1603076;52; CN;RDO;6; 2000-01-01; 16:13:47;21;30;
1;1603076;61; CN;RDO;6; 2000-01-01; 16:24:32;22;30;
1;1603076;65; CN;RDO;6; 2000-01-01; 16:40:44;23;30;
1;1603076;53; CN;RDO;6; 2000-01-01; 16:59:30;24;30;
1;1603076;37; CN;RDO;6; 2000-01-01; 17:14:15;25;30;
1;1603076;30; CN;RDO;6; 2000-01-01; 17:25:53;26;30;
1;1603076;47; CN;RDO;6; 2000-01-01; 17:38:07;27;30;
1;1603076;33; CN;RDO;6; 2000-01-01; 17:48:51;28;30;
1;1603076;;FIN;RDO;6; 2000-01-01; 17:57:21.945;29;30;
1;1392107;8;CLR;RDO;6; 2000-01-01; 11:53:09;0;30;
1;1392107;8;CHK;RDO;6; 2000-01-01; 11:53:09;1;30;
1;1392107;22; CN;RDO;6; 2000-01-01; 12:08:35;2;30;
1;1392107;31; CN;RDO;6; 2000-01-01; 12:18:25;3;30;
1;1392107;21; CN;RDO;6; 2000-01-01; 12:26:17;4;30;
1;1392107;32; CN;RDO;6; 2000-01-01; 12:32:16;5;30;
1;1392107;23; CN;RDO;6; 2000-01-01; 12:41:25;6;30;
1;1392107;35; CN;RDO;6; 2000-01-01; 12:51:09;7;30;
1;1392107;60; CN;RDO;6; 2000-01-01; 13:02:01;8;30;
1;1392107;38; CN;RDO;6; 2000-01-01; 13:12:04;9;30;
1;1392107;24; CN;RDO;6; 2000-01-01; 13:24:23;10;30;
1;1392107;64; CN;RDO;6; 2000-01-01; 13:42:41;11;30;
1;1392107;50; CN;RDO;6; 2000-01-01; 14:02:49;12;30;
1;1392107;41; CN;RDO;6; 2000-01-01; 14:16:12;13;30;
1;1392107;51; CN;RDO;6; 2000-01-01; 14:24:12;14;30;
1;1392107;40; CN;RDO;6; 2000-01-01; 14:40:10;15;30;
1;1392107;42; CN;RDO;6; 2000-01-01; 15:04:04;16;30;
1;1392107;34; CN;RDO;6; 2000-01-01; 15:16:51;17;30;
1;1392107;25; CN;RDO;6; 2000-01-01; 15:29:45;18;30;
1;1392107;46; CN;RDO;6; 2000-01-01; 15:42:04;19;30;
1;1392107;54; CN;RDO;6; 2000-01-01; 15:54:12;20;30;
1;1392107;52; CN;RDO;6; 2000-01-01; 16:13:50;21;30;
1;1392107;61; CN;RDO;6; 2000-01-01; 16:24:36;22;30;
1;1392107;65; CN;RDO;6; 2000-01-01; 16:40:48;23;30;
1;1392107;53; CN;RDO;6; 2000-01-01; 16:59:35;24;30;
1;1392107;37; CN;RDO;6; 2000-01-01; 17:14:11;25;30;
1;1392107;30; CN;RDO;6; 2000-01-01; 17:25:55;26;30;
1;1392107;47; CN;RDO;6; 2000-01-01; 17:38:13;27;30;
1;1392107;33; CN;RDO;6; 2000-01-01; 17:48:55;28;30;
1;1392107;;FIN;RDO;6; 2000-01-01; 17:57:19.992;29;30;
1;9200250;8;CLR;RDO;6; 2000-01-01; 11:54:31;1;26;
1;9200250;8;CHK;RDO;6; 2000-01-01; 11:54:31;2;26;
1;9200250;22; CN;RDO;6; 2000-01-01; 12:10:24;3;26;
1;9200250;54; CN;RDO;6; 2000-01-01; 12:24:36;4;26;
1;9200250;52; CN;RDO;6; 2000-01-01; 12:41:46;5;26;
1;9200250;61; CN;RDO;6; 2000-01-01; 12:53:23;6;26;
1;9200250;45; CN;RDO;6; 2000-01-01; 13:11:55;7;26;
1;9200250;65; CN;RDO;6; 2000-01-01; 13:34:03;8;26;
1;9200250;53; CN;RDO;6; 2000-01-01; 13:55:11;9;26;
1;9200250;39; CN;RDO;6; 2000-01-01; 14:20:24;10;26;
1;9200250;63; CN;RDO;6; 2000-01-01; 14:30:56;11;26;
1;9200250;44; CN;RDO;6; 2000-01-01; 14:51:41;12;26;
1;9200250;62; CN;RDO;6; 2000-01-01; 15:07:23;13;26;
1;9200250;20; CN;RDO;6; 2000-01-01; 15:19:04;14;26;
1;9200250;47; CN;RDO;6; 2000-01-01; 15:39:55;15;26;
1;9200250;33; CN;RDO;6; 2000-01-01; 15:55:49;16;26;
1;9200250;36; CN;RDO;6; 2000-01-01; 16:09:51;17;26;
1;9200250;60; CN;RDO;6; 2000-01-01; 16:48:39;18;26;
1;9200250;35; CN;RDO;6; 2000-01-01; 17:03:58;19;26;
1;9200250;41; CN;RDO;6; 2000-01-01; 17:19:56;20;26;
1;9200250;51; CN;RDO;6; 2000-01-01; 17:31:52;21;26;
1;9200250;23; CN;RDO;6; 2000-01-01; 17:47:42;22;26;
1;9200250;23; CN;RDO;6; 2000-01-01; 17:47:48;23;26;
1;9200250;;FIN;RDO;6; 2000-01-01; 17:59:33.507;25;26;
1;9200250;;FIN;RDO;6; 2000-01-01; 17:59:33.507;24;26;
1;9200253;8;CLR;RDO;6; 2000-01-01; 11:54:36;1;25;
1;9200253;8;CHK;RDO;6; 2000-01-01; 11:54:36;2;25;
1;9200253;22; CN;RDO;6; 2000-01-01; 12:10:25;3;25;
1;9200253;54; CN;RDO;6; 2000-01-01; 12:24:41;4;25;
1;9200253;52; CN;RDO;6; 2000-01-01; 12:41:48;5;25;
1;9200253;61; CN;RDO;6; 2000-01-01; 12:53:26;6;25;
1;9200253;45; CN;RDO;6; 2000-01-01; 13:11:57;7;25;
1;9200253;65; CN;RDO;6; 2000-01-01; 13:34:08;8;25;
1;9200253;53; CN;RDO;6; 2000-01-01; 13:55:14;9;25;
1;9200253;39; CN;RDO;6; 2000-01-01; 14:20:27;10;25;
1;9200253;63; CN;RDO;6; 2000-01-01; 14:31:01;11;25;
1;9200253;44; CN;RDO;6; 2000-01-01; 14:51:44;12;25;
1;9200253;62; CN;RDO;6; 2000-01-01; 15:07:25;13;25;
1;9200253;20; CN;RDO;6; 2000-01-01; 15:19:07;14;25;
1;9200253;47; CN;RDO;6; 2000-01-01; 15:39:58;15;25;
1;9200253;33; CN;RDO;6; 2000-01-01; 15:55:52;16;25;
1;9200253;36; CN;RDO;6; 2000-01-01; 16:09:55;17;25;
1;9200253;60; CN;RDO;6; 2000-01-01; 16:48:42;18;25;
1;9200253;35; CN;RDO;6; 2000-01-01; 17:04:02;19;25;
1;9200253;41; CN;RDO;6; 2000-01-01; 17:20:02;20;25;
1;9200253;51; CN;RDO;6; 2000-01-01; 17:31:57;21;25;
1;9200253;23; CN;RDO;6; 2000-01-01; 17:47:46;22;25;
1;9200253;;FIN;RDO;6; 2000-01-01; 17:59:38.835;24;25;
1;9200253;;FIN;RDO;6; 2000-01-01; 17:59:38.835;23;25;
1;9092126;8;CLR;RDO;6; 2000-01-01; 11:56:21;1;21;
1;9092126;8;CHK;RDO;6; 2000-01-01; 11:56:21;2;21;
1;9092126;23; CN;RDO;6; 2000-01-01; 12:10:15;3;21;
1;9092126;35; CN;RDO;6; 2000-01-01; 12:21:55;4;21;
1;9092126;41; CN;RDO;6; 2000-01-01; 12:35:17;5;21;
1;9092126;51; CN;RDO;6; 2000-01-01; 12:45:35;6;21;
1;9092126;50; CN;RDO;6; 2000-01-01; 12:59:18;7;21;
1;9092126;64; CN;RDO;6; 2000-01-01; 13:22:39;8;21;
1;9092126;24; CN;RDO;6; 2000-01-01; 13:47:36;9;21;
1;9092126;60; CN;RDO;6; 2000-01-01; 14:07:12;10;21;
1;9092126;38; CN;RDO;6; 2000-01-01; 14:23:53;11;21;
1;9092126;43; CN;RDO;6; 2000-01-01; 14:46:35;12;21;
1;9092126;62; CN;RDO;6; 2000-01-01; 15:19:12;13;21;
1;9092126;44; CN;RDO;6; 2000-01-01; 15:37:32;14;21;
1;9092126;37; CN;RDO;6; 2000-01-01; 16:18:59;15;21;
1;9092126;65; CN;RDO;6; 2000-01-01; 16:48:50;16;21;
1;9092126;61; CN;RDO;6; 2000-01-01; 17:12:03;17;21;
1;9092126;22; CN;RDO;6; 2000-01-01; 17:45:38;18;21;
1;9092126;;FIN;RDO;6; 2000-01-01; 17:58:49.847;20;21;
1;9092126;;FIN;RDO;6; 2000-01-01; 17:58:49.847;19;21;
1;9070976;8;CLR;RDO;6; 2000-01-01; 11:56:28;1;21;
1;9070976;8;CHK;RDO;6; 2000-01-01; 11:56:28;2;21;
1;9070976;23; CN;RDO;6; 2000-01-01; 12:10:14;3;21;
1;9070976;35; CN;RDO;6; 2000-01-01; 12:21:56;4;21;
1;9070976;41; CN;RDO;6; 2000-01-01; 12:35:14;5;21;
1;9070976;51; CN;RDO;6; 2000-01-01; 12:45:37;6;21;
1;9070976;50; CN;RDO;6; 2000-01-01; 12:59:21;7;21;
1;9070976;64; CN;RDO;6; 2000-01-01; 13:22:34;8;21;
1;9070976;24; CN;RDO;6; 2000-01-01; 13:47:38;9;21;
1;9070976;60; CN;RDO;6; 2000-01-01; 14:07:08;10;21;
1;9070976;38; CN;RDO;6; 2000-01-01; 14:23:57;11;21;
1;9070976;43; CN;RDO;6; 2000-01-01; 14:46:39;12;21;
1;9070976;62; CN;RDO;6; 2000-01-01; 15:19:15;13;21;
1;9070976;44; CN;RDO;6; 2000-01-01; 15:37:36;14;21;
1;9070976;37; CN;RDO;6; 2000-01-01; 16:19:08;15;21;
1;9070976;65; CN;RDO;6; 2000-01-01; 16:48:55;16;21;
1;9070976;61; CN;RDO;6; 2000-01-01; 17:12:08;17;21;
1;9070976;22; CN;RDO;6; 2000-01-01; 17:45:42;18;21;
1;9070976;;FIN;RDO;6; 2000-01-01; 17:58:52.679;20;21;
1;9070976;;FIN;RDO;6; 2000-01-01; 17:58:52.679;19;21;
1;7877777;8;CLR;RDO;6; 2000-01-01; 11:54:19;0;22;
1;7877777;8;CHK;RDO;6; 2000-01-01; 11:54:19;1;22;
1;7877777;47; CN;RDO;6; 2000-01-01; 12:12:30;2;22;
1;7877777;20; CN;RDO;6; 2000-01-01; 12:28:36;3;22;
1;7877777;62; CN;RDO;6; 2000-01-01; 12:37:13;4;22;
1;7877777;44; CN;RDO;6; 2000-01-01; 12:49:02;5;22;
1;7877777;63; CN;RDO;6; 2000-01-01; 13:04:47;6;22;
1;7877777;39; CN;RDO;6; 2000-01-01; 13:14:09;7;22;
1;7877777;53; CN;RDO;6; 2000-01-01; 13:38:03;8;22;
1;7877777;65; CN;RDO;6; 2000-01-01; 14:02:03;9;22;
1;7877777;61; CN;RDO;6; 2000-01-01; 14:24:25;10;22;
1;7877777;52; CN;RDO;6; 2000-01-01; 14:41:58;11;22;
1;7877777;54; CN;RDO;6; 2000-01-01; 15:09:32;12;22;
1;7877777;46; CN;RDO;6; 2000-01-01; 15:29:09;13;22;
1;7877777;25; CN;RDO;6; 2000-01-01; 15:49:53;14;22;
1;7877777;22; CN;RDO;6; 2000-01-01; 16:07:11;15;22;
1;7877777;21; CN;RDO;6; 2000-01-01; 16:20:57;16;22;
1;7877777;23; CN;RDO;6; 2000-01-01; 16:33:39;17;22;
1;7877777;51; CN;RDO;6; 2000-01-01; 16:49:26;18;22;
1;7877777;41; CN;RDO;6; 2000-01-01; 17:26:00;19;22;
1;7877777;35; CN;RDO;6; 2000-01-01; 17:38:47;20;22;
1;7877777;;FIN;RDO;6; 2000-01-01; 18:01:28.140;21;22;
1;1007369;7;CLR;RDO;6; 2000-01-01; 11:52:47;0;22;
1;1007369;7;CHK;RDO;6; 2000-01-01; 11:52:47;1;22;
1;1007369;47; CN;RDO;6; 2000-01-01; 12:12:20;2;22;
1;1007369;20; CN;RDO;6; 2000-01-01; 12:28:31;3;22;
1;1007369;62; CN;RDO;6; 2000-01-01; 12:37:15;4;22;
1;1007369;44; CN;RDO;6; 2000-01-01; 12:49:04;5;22;
1;1007369;63; CN;RDO;6; 2000-01-01; 13:04:49;6;22;
1;1007369;39; CN;RDO;6; 2000-01-01; 13:14:01;7;22;
1;1007369;53; CN;RDO;6; 2000-01-01; 13:37:55;8;22;
1;1007369;65; CN;RDO;6; 2000-01-01; 14:01:53;9;22;
1;1007369;61; CN;RDO;6; 2000-01-01; 14:24:17;10;22;
1;1007369;52; CN;RDO;6; 2000-01-01; 14:41:46;11;22;
1;1007369;54; CN;RDO;6; 2000-01-01; 15:09:42;12;22;
1;1007369;46; CN;RDO;6; 2000-01-01; 15:29:04;13;22;
1;1007369;25; CN;RDO;6; 2000-01-01; 15:49:48;14;22;
1;1007369;22; CN;RDO;6; 2000-01-01; 16:07:03;15;22;
1;1007369;21; CN;RDO;6; 2000-01-01; 16:20:47;16;22;
1;1007369;23; CN;RDO;6; 2000-01-01; 16:33:13;17;22;
1;1007369;51; CN;RDO;6; 2000-01-01; 16:49:22;18;22;
1;1007369;41; CN;RDO;6; 2000-01-01; 17:25:57;19;22;
1;1007369;35; CN;RDO;6; 2000-01-01; 17:38:43;20;22;
1;1007369;;FIN;RDO;6; 2000-01-01; 18:01:22.144;21;22;
1;9060017;8;CLR;RDO;6; 2000-01-01; 11:53:52;1;27;
1;9060017;8;CHK;RDO;6; 2000-01-01; 11:53:52;2;27;
1;9060017;23; CN;RDO;6; 2000-01-01; 12:09:37;3;27;
1;9060017;23; CN;RDO;6; 2000-01-01; 12:09:42;4;27;
1;9060017;35; CN;RDO;6; 2000-01-01; 12:20:30;5;27;
1;9060017;41; CN;RDO;6; 2000-01-01; 12:35:26;6;27;
1;9060017;24; CN;RDO;6; 2000-01-01; 12:47:47;7;27;
1;9060017;60; CN;RDO;6; 2000-01-01; 13:02:06;8;27;
1;9060017;38; CN;RDO;6; 2000-01-01; 13:20:04;9;27;
1;9060017;43; CN;RDO;6; 2000-01-01; 13:41:08;10;27;
1;9060017;36; CN;RDO;6; 2000-01-01; 14:13:30;11;27;
1;9060017;47; CN;RDO;6; 2000-01-01; 14:29:11;12;27;
1;9060017;30; CN;RDO;6; 2000-01-01; 14:45:47;13;27;
1;9060017;20; CN;RDO;6; 2000-01-01; 15:12:27;14;27;
1;9060017;62; CN;RDO;6; 2000-01-01; 15:26:56;15;27;
1;9060017;44; CN;RDO;6; 2000-01-01; 15:42:56;16;27;
1;9060017;63; CN;RDO;6; 2000-01-01; 16:02:08;17;27;
1;9060017;39; CN;RDO;6; 2000-01-01; 16:12:15;18;27;
1;9060017;53; CN;RDO;6; 2000-01-01; 16:38:34;19;27;
1;9060017;65; CN;RDO;6; 2000-01-01; 16:59:48;20;27;
1;9060017;61; CN;RDO;6; 2000-01-01; 17:17:01;21;27;
1;9060017;52; CN;RDO;6; 2000-01-01; 17:30:00;22;27;
1;9060017;52; CN;RDO;6; 2000-01-01; 17:30:07;23;27;
1;9060017;22; CN;RDO;6; 2000-01-01; 17:50:13;24;27;
1;9060017;;FIN;RDO;6; 2000-01-01; 18:00:51.699;26;27;
1;9060017;;FIN;RDO;6; 2000-01-01; 18:00:51.699;25;27;
1;2072670;8;CLR;RDO;6; 2000-01-01; 11:53:58;0;23;
1;2072670;8;CHK;RDO;6; 2000-01-01; 11:53:58;1;23;
1;2072670;23; CN;RDO;6; 2000-01-01; 12:09:39;2;23;
1;2072670;35; CN;RDO;6; 2000-01-01; 12:20:31;3;23;
1;2072670;41; CN;RDO;6; 2000-01-01; 12:35:28;4;23;
1;2072670;24; CN;RDO;6; 2000-01-01; 12:47:49;5;23;
1;2072670;60; CN;RDO;6; 2000-01-01; 13:02:07;6;23;
1;2072670;38; CN;RDO;6; 2000-01-01; 13:20:08;7;23;
1;2072670;43; CN;RDO;6; 2000-01-01; 13:41:10;8;23;
1;2072670;36; CN;RDO;6; 2000-01-01; 14:13:33;9;23;
1;2072670;47; CN;RDO;6; 2000-01-01; 14:29:13;10;23;
1;2072670;30; CN;RDO;6; 2000-01-01; 14:45:49;11;23;
1;2072670;20; CN;RDO;6; 2000-01-01; 15:12:30;12;23;
1;2072670;62; CN;RDO;6; 2000-01-01; 15:26:54;13;23;
1;2072670;44; CN;RDO;6; 2000-01-01; 15:42:57;14;23;
1;2072670;63; CN;RDO;6; 2000-01-01; 16:02:10;15;23;
1;2072670;39; CN;RDO;6; 2000-01-01; 16:12:18;16;23;
1;2072670;53; CN;RDO;6; 2000-01-01; 16:38:32;17;23;
1;2072670;65; CN;RDO;6; 2000-01-01; 16:59:51;18;23;
1;2072670;61; CN;RDO;6; 2000-01-01; 17:17:05;19;23;
1;2072670;52; CN;RDO;6; 2000-01-01; 17:30:05;20;23;
1;2072670;22; CN;RDO;6; 2000-01-01; 17:50:08;21;23;
1;2072670;;FIN;RDO;6; 2000-01-01; 18:00:51.019;22;23;
1;7422222;8;CLR;RDO;6; 2000-01-01; 11:55:55;0;32;
1;7422222;8;CHK;RDO;6; 2000-01-01; 11:55:55;1;32;
1;7422222;22; CN;RDO;6; 2000-01-01; 12:08:56;2;32;
1;7422222;25; CN;RDO;6; 2000-01-01; 12:18:31;3;32;
1;7422222;25; CN;RDO;6; 2000-01-01; 12:18:32;4;32;
1;7422222;46; CN;RDO;6; 2000-01-01; 12:30:09;5;32;
1;7422222;54; CN;RDO;6; 2000-01-01; 12:40:30;6;32;
1;7422222;52; CN;RDO;6; 2000-01-01; 12:56:57;7;32;
1;7422222;61; CN;RDO;6; 2000-01-01; 13:06:41;8;32;
1;7422222;65; CN;RDO;6; 2000-01-01; 13:22:34;9;32;
1;7422222;65; CN;RDO;6; 2000-01-01; 13:22:35;10;32;
1;7422222;37; CN;RDO;6; 2000-01-01; 13:42:09;11;32;
1;7422222;53; CN;RDO;6; 2000-01-01; 13:55:59;12;32;
1;7422222;39; CN;RDO;6; 2000-01-01; 14:14:51;13;32;
1;7422222;39; CN;RDO;6; 2000-01-01; 14:15:11;14;32;
1;7422222;63; CN;RDO;6; 2000-01-01; 14:23:44;15;32;
1;7422222;44; CN;RDO;6; 2000-01-01; 14:39:34;16;32;
1;7422222;62; CN;RDO;6; 2000-01-01; 14:51:55;17;32;
1;7422222;20; CN;RDO;6; 2000-01-01; 15:01:39;18;32;
1;7422222;47; CN;RDO;6; 2000-01-01; 15:18:23;19;32;
1;7422222;33; CN;RDO;6; 2000-01-01; 15:32:58;20;32;
1;7422222;36; CN;RDO;6; 2000-01-01; 15:46:10;21;32;
1;7422222;43; CN;RDO;6; 2000-01-01; 16:15:01;22;32;
1;7422222;38; CN;RDO;6; 2000-01-01; 16:31:04;23;32;
1;7422222;60; CN;RDO;6; 2000-01-01; 16:43:34;24;32;
1;7422222;35; CN;RDO;6; 2000-01-01; 16:56:40;25;32;
1;7422222;41; CN;RDO;6; 2000-01-01; 17:07:32;26;32;
1;7422222;50; CN;RDO;6; 2000-01-01; 17:27:27;27;32;
1;7422222;51; CN;RDO;6; 2000-01-01; 17:36:10;28;32;
1;7422222;23; CN;RDO;6; 2000-01-01; 17:47:33;29;32;
1;7422222;21; CN;RDO;6; 2000-01-01; 17:55:02;30;32;
1;7422222;;FIN;RDO;6; 2000-01-01; 17:59:50.144;31;32;
1;1420755;8;CLR;RDO;6; 2000-01-01; 11:55:51;0;29;
1;1420755;8;CHK;RDO;6; 2000-01-01; 11:55:51;1;29;
1;1420755;22; CN;RDO;6; 2000-01-01; 12:09:04;2;29;
1;1420755;25; CN;RDO;6; 2000-01-01; 12:18:40;3;29;
1;1420755;46; CN;RDO;6; 2000-01-01; 12:30:12;4;29;
1;1420755;54; CN;RDO;6; 2000-01-01; 12:40:53;5;29;
1;1420755;52; CN;RDO;6; 2000-01-01; 12:57:01;6;29;
1;1420755;61; CN;RDO;6; 2000-01-01; 13:06:43;7;29;
1;1420755;65; CN;RDO;6; 2000-01-01; 13:22:32;8;29;
1;1420755;37; CN;RDO;6; 2000-01-01; 13:42:13;9;29;
1;1420755;53; CN;RDO;6; 2000-01-01; 13:56:07;10;29;
1;1420755;39; CN;RDO;6; 2000-01-01; 14:15:23;11;29;
1;1420755;63; CN;RDO;6; 2000-01-01; 14:23:54;12;29;
1;1420755;44; CN;RDO;6; 2000-01-01; 14:39:37;13;29;
1;1420755;62; CN;RDO;6; 2000-01-01; 14:51:59;14;29;
1;1420755;20; CN;RDO;6; 2000-01-01; 15:01:37;15;29;
1;1420755;47; CN;RDO;6; 2000-01-01; 15:18:39;16;29;
1;1420755;33; CN;RDO;6; 2000-01-01; 15:33:06;17;29;
1;1420755;36; CN;RDO;6; 2000-01-01; 15:46:23;18;29;
1;1420755;43; CN;RDO;6; 2000-01-01; 16:15:11;19;29;
1;1420755;38; CN;RDO;6; 2000-01-01; 16:31:06;20;29;
1;1420755;60; CN;RDO;6; 2000-01-01; 16:43:39;21;29;
1;1420755;35; CN;RDO;6; 2000-01-01; 16:56:37;22;29;
1;1420755;41; CN;RDO;6; 2000-01-01; 17:07:38;23;29;
1;1420755;50; CN;RDO;6; 2000-01-01; 17:27:24;24;29;
1;1420755;51; CN;RDO;6; 2000-01-01; 17:36:14;25;29;
1;1420755;23; CN;RDO;6; 2000-01-01; 17:47:36;26;29;
1;1420755;21; CN;RDO;6; 2000-01-01; 17:55:06;27;29;
1;1420755;;FIN;RDO;6; 2000-01-01; 17:59:44.566;28;29;
1;8643079;8;CLR;RDO;6; 2000-01-01; 11:55:58;1;31;
1;8643079;8;CHK;RDO;6; 2000-01-01; 11:55:58;2;31;
1;8643079;22; CN;RDO;6; 2000-01-01; 12:08:50;3;31;
1;8643079;25; CN;RDO;6; 2000-01-01; 12:18:34;4;31;
1;8643079;46; CN;RDO;6; 2000-01-01; 12:30:14;5;31;
1;8643079;54; CN;RDO;6; 2000-01-01; 12:40:34;6;31;
1;8643079;52; CN;RDO;6; 2000-01-01; 12:56:55;7;31;
1;8643079;61; CN;RDO;6; 2000-01-01; 13:06:39;8;31;
1;8643079;65; CN;RDO;6; 2000-01-01; 13:22:30;9;31;
1;8643079;37; CN;RDO;6; 2000-01-01; 13:42:07;10;31;
1;8643079;53; CN;RDO;6; 2000-01-01; 13:56:02;11;31;
1;8643079;39; CN;RDO;6; 2000-01-01; 14:15:16;12;31;
1;8643079;63; CN;RDO;6; 2000-01-01; 14:23:47;13;31;
1;8643079;44; CN;RDO;6; 2000-01-01; 14:39:33;14;31;
1;8643079;62; CN;RDO;6; 2000-01-01; 14:52:02;15;31;
1;8643079;20; CN;RDO;6; 2000-01-01; 15:01:31;16;31;
1;8643079;47; CN;RDO;6; 2000-01-01; 15:18:28;17;31;
1;8643079;33; CN;RDO;6; 2000-01-01; 15:33:02;18;31;
1;8643079;36; CN;RDO;6; 2000-01-01; 15:46:13;19;31;
1;8643079;43; CN;RDO;6; 2000-01-01; 16:15:08;20;31;
1;8643079;38; CN;RDO;6; 2000-01-01; 16:31:08;21;31;
1;8643079;60; CN;RDO;6; 2000-01-01; 16:43:41;22;31;
1;8643079;35; CN;RDO;6; 2000-01-01; 16:56:39;23;31;
1;8643079;41; CN;RDO;6; 2000-01-01; 17:07:40;24;31;
1;8643079;50; CN;RDO;6; 2000-01-01; 17:27:23;25;31;
1;8643079;51; CN;RDO;6; 2000-01-01; 17:36:16;26;31;
1;8643079;23; CN;RDO;6; 2000-01-01; 17:47:31;27;31;
1;8643079;21; CN;RDO;6; 2000-01-01; 17:55:04;28;31;
1;8643079;;FIN;RDO;6; 2000-01-01; 17:59:48.375;30;31;
1;8643079;;FIN;RDO;6; 2000-01-01; 17:59:48.375;29;31;
1;211241;33; CN;RDO;7;; 00:11:57;0;18;
1;211241;36; CN;RDO;7;; 00:26:46;1;18;
1;211241;47; CN;RDO;7;; 00:54:32;2;18;
1;211241;30; CN;RDO;7;; 01:12:47;3;18;
1;211241;37; CN;RDO;7;; 01:28:31;4;18;
1;211241;20; CN;RDO;7;; 01:55:59;5;18;
1;211241;62; CN;RDO;7;; 02:08:15;6;18;
1;211241;44; CN;RDO;7;; 02:29:11;7;18;
1;211241;63; CN;RDO;7;; 02:50:14;8;18;
1;211241;39; CN;RDO;7;; 03:02:34;9;18;
1;211241;53; CN;RDO;7;; 03:32:15;10;18;
1;211241;65; CN;RDO;7;; 03:58:34;11;18;
1;211241;45; CN;RDO;7;; 04:25:46;12;18;
1;211241;61; CN;RDO;7;; 04:53:45;13;18;
1;211241;52; CN;RDO;7;; 05:11:02;14;18;
1;211241;54; CN;RDO;7;; 05:31:44;15;18;
1;211241;22; CN;RDO;7;; 05:50:33;16;18;
1;211241;;FIN;RDO;7;; 06:02:54;17;18;
1;8643348;8;CLR;RDO;6; 2000-01-01; 11:55:10;1;22;
1;8643348;8;CHK;RDO;6; 2000-01-01; 11:55:10;2;22;
1;8643348;33; CN;RDO;6; 2000-01-01; 12:12:01;3;22;
1;8643348;36; CN;RDO;6; 2000-01-01; 12:26:50;4;22;
1;8643348;47; CN;RDO;6; 2000-01-01; 12:54:40;5;22;
1;8643348;30; CN;RDO;6; 2000-01-01; 13:12:52;6;22;
1;8643348;37; CN;RDO;6; 2000-01-01; 13:28:36;7;22;
1;8643348;20; CN;RDO;6; 2000-01-01; 13:56:03;8;22;
1;8643348;62; CN;RDO;6; 2000-01-01; 14:08:12;9;22;
1;8643348;44; CN;RDO;6; 2000-01-01; 14:29:15;10;22;
1;8643348;63; CN;RDO;6; 2000-01-01; 14:50:19;11;22;
1;8643348;39; CN;RDO;6; 2000-01-01; 15:02:41;12;22;
1;8643348;53; CN;RDO;6; 2000-01-01; 15:32:19;13;22;
1;8643348;65; CN;RDO;6; 2000-01-01; 15:58:41;14;22;
1;8643348;45; CN;RDO;6; 2000-01-01; 16:25:52;15;22;
1;8643348;61; CN;RDO;6; 2000-01-01; 16:53:51;16;22;
1;8643348;52; CN;RDO;6; 2000-01-01; 17:11:07;17;22;
1;8643348;54; CN;RDO;6; 2000-01-01; 17:31:51;18;22;
1;8643348;22; CN;RDO;6; 2000-01-01; 17:50:36;19;22;
1;8643348;;FIN;RDO;6; 2000-01-01; 18:02:56.753;21;22;
1;8643348;;FIN;RDO;6; 2000-01-01; 18:02:56.753;20;22;
1;8643065;8;CLR;RDO;6; 2000-01-01; 11:53:48;1;23;
1;8643065;8;CHK;RDO;6; 2000-01-01; 11:53:48;2;23;
1;8643065;21; CN;RDO;6; 2000-01-01; 12:07:39;3;23;
1;8643065;31; CN;RDO;6; 2000-01-01; 12:19:49;4;23;
1;8643065;22; CN;RDO;6; 2000-01-01; 12:36:29;5;23;
1;8643065;54; CN;RDO;6; 2000-01-01; 12:52:52;6;23;
1;8643065;52; CN;RDO;6; 2000-01-01; 13:16:11;7;23;
1;8643065;61; CN;RDO;6; 2000-01-01; 13:28:37;8;23;
1;8643065;65; CN;RDO;6; 2000-01-01; 13:48:43;9;23;
1;8643065;53; CN;RDO;6; 2000-01-01; 14:10:18;10;23;
1;8643065;39; CN;RDO;6; 2000-01-01; 14:38:33;11;23;
1;8643065;63; CN;RDO;6; 2000-01-01; 14:49:07;12;23;
1;8643065;44; CN;RDO;6; 2000-01-01; 15:11:28;13;23;
1;8643065;62; CN;RDO;6; 2000-01-01; 15:29:11;14;23;
1;8643065;36; CN;RDO;6; 2000-01-01; 15:55:03;15;23;
1;8643065;43; CN;RDO;6; 2000-01-01; 16:25:43;16;23;
1;8643065;38; CN;RDO;6; 2000-01-01; 16:46:20;17;23;
1;8643065;60; CN;RDO;6; 2000-01-01; 17:06:18;18;23;
1;8643065;35; CN;RDO;6; 2000-01-01; 17:20:45;19;23;
1;8643065;23; CN;RDO;6; 2000-01-01; 17:37:26;20;23;
1;8643065;;FIN;RDO;6; 2000-01-01; 17:53:04.359;22;23;
1;8643065;;FIN;RDO;6; 2000-01-01; 17:53:04.359;21;23;
1;8643066;8;CLR;RDO;6; 2000-01-01; 11:54:10;1;23;
1;8643066;8;CHK;RDO;6; 2000-01-01; 11:54:10;2;23;
1;8643066;21; CN;RDO;6; 2000-01-01; 12:07:36;3;23;
1;8643066;31; CN;RDO;6; 2000-01-01; 12:19:54;4;23;
1;8643066;22; CN;RDO;6; 2000-01-01; 12:36:25;5;23;
1;8643066;54; CN;RDO;6; 2000-01-01; 12:52:50;6;23;
1;8643066;52; CN;RDO;6; 2000-01-01; 13:16:06;7;23;
1;8643066;61; CN;RDO;6; 2000-01-01; 13:28:31;8;23;
1;8643066;65; CN;RDO;6; 2000-01-01; 13:48:36;9;23;
1;8643066;53; CN;RDO;6; 2000-01-01; 14:10:15;10;23;
1;8643066;39; CN;RDO;6; 2000-01-01; 14:38:30;11;23;
1;8643066;63; CN;RDO;6; 2000-01-01; 14:49:13;12;23;
1;8643066;44; CN;RDO;6; 2000-01-01; 15:11:25;13;23;
1;8643066;62; CN;RDO;6; 2000-01-01; 15:29:08;14;23;
1;8643066;36; CN;RDO;6; 2000-01-01; 15:55:07;15;23;
1;8643066;43; CN;RDO;6; 2000-01-01; 16:25:40;16;23;
1;8643066;38; CN;RDO;6; 2000-01-01; 16:46:23;17;23;
1;8643066;60; CN;RDO;6; 2000-01-01; 17:06:31;18;23;
1;8643066;35; CN;RDO;6; 2000-01-01; 17:20:42;19;23;
1;8643066;23; CN;RDO;6; 2000-01-01; 17:37:32;20;23;
1;8643066;;FIN;RDO;6; 2000-01-01; 17:52:59.238;22;23;
1;8643066;;FIN;RDO;6; 2000-01-01; 17:52:59.238;21;23;
1;1399841;7;CLR;RDO;6; 2000-01-01; 11:58:45;0;22;
1;1399841;7;CHK;RDO;6; 2000-01-01; 11:58:45;1;22;
1;1399841;22; CN;RDO;6; 2000-01-01; 12:12:49;2;22;
1;1399841;54; CN;RDO;6; 2000-01-01; 12:27:54;3;22;
1;1399841;46; CN;RDO;6; 2000-01-01; 12:42:20;4;22;
1;1399841;61; CN;RDO;6; 2000-01-01; 12:58:05;5;22;
1;1399841;52; CN;RDO;6; 2000-01-01; 13:09:55;6;22;
1;1399841;65; CN;RDO;6; 2000-01-01; 13:32:01;7;22;
1;1399841;53; CN;RDO;6; 2000-01-01; 13:55:04;8;22;
1;1399841;39; CN;RDO;6; 2000-01-01; 14:16:18;9;22;
1;1399841;63; CN;RDO;6; 2000-01-01; 14:27:17;10;22;
1;1399841;44; CN;RDO;6; 2000-01-01; 14:45:50;11;22;
1;1399841;62; CN;RDO;6; 2000-01-01; 14:59:54;12;22;
1;1399841;20; CN;RDO;6; 2000-01-01; 15:11:03;13;22;
1;1399841;47; CN;RDO;6; 2000-01-01; 15:44:50;14;22;
1;1399841;33; CN;RDO;6; 2000-01-01; 16:01:38;15;22;
1;1399841;60; CN;RDO;6; 2000-01-01; 16:26:07;16;22;
1;1399841;35; CN;RDO;6; 2000-01-01; 16:40:06;17;22;
1;1399841;41; CN;RDO;6; 2000-01-01; 16:54:23;18;22;
1;1399841;51; CN;RDO;6; 2000-01-01; 17:35:07;19;22;
1;1399841;23; CN;RDO;6; 2000-01-01; 17:48:54;20;22;
1;1399841;;FIN;RDO;6; 2000-01-01; 18:00:22.253;21;22;
1;700516;7;CLR;RDO;6; 2000-01-01; 12:00:30;0;21;
1;700516;22; CN;RDO;6; 2000-01-01; 12:12:52;1;21;
1;700516;54; CN;RDO;6; 2000-01-01; 12:27:57;2;21;
1;700516;46; CN;RDO;6; 2000-01-01; 12:42:23;3;21;
1;700516;61; CN;RDO;6; 2000-01-01; 12:58:08;4;21;
1;700516;52; CN;RDO;6; 2000-01-01; 13:10:00;5;21;
1;700516;65; CN;RDO;6; 2000-01-01; 13:32:06;6;21;
1;700516;53; CN;RDO;6; 2000-01-01; 13:55:08;7;21;
1;700516;39; CN;RDO;6; 2000-01-01; 14:16:22;8;21;
1;700516;63; CN;RDO;6; 2000-01-01; 14:27:23;9;21;
1;700516;44; CN;RDO;6; 2000-01-01; 14:45:48;10;21;
1;700516;62; CN;RDO;6; 2000-01-01; 14:59:58;11;21;
1;700516;20; CN;RDO;6; 2000-01-01; 15:11:07;12;21;
1;700516;47; CN;RDO;6; 2000-01-01; 15:44:54;13;21;
1;700516;33; CN;RDO;6; 2000-01-01; 16:01:44;14;21;
1;700516;60; CN;RDO;6; 2000-01-01; 16:26:11;15;21;
1;700516;35; CN;RDO;6; 2000-01-01; 16:40:09;16;21;
1;700516;41; CN;RDO;6; 2000-01-01; 16:54:30;17;21;
1;700516;51; CN;RDO;6; 2000-01-01; 17:35:10;18;21;
1;700516;23; CN;RDO;6; 2000-01-01; 17:49:00;19;21;
1;700516;;FIN;RDO;6; 2000-01-01; 18:00:24.640;20;21;
1;8000030;8;CLR;RDO;6; 2000-01-01; 11:57:32;1;34;
1;8000030;8;CHK;RDO;6; 2000-01-01; 11:57:32;2;34;
1;8000030;23; CN;RDO;6; 2000-01-01; 12:10:18;3;34;
1;8000030;51; CN;RDO;6; 2000-01-01; 12:19:42;4;34;
1;8000030;41; CN;RDO;6; 2000-01-01; 12:26:01;5;34;
1;8000030;35; CN;RDO;6; 2000-01-01; 12:33:56;6;34;
1;8000030;33; CN;RDO;6; 2000-01-01; 12:45:49;7;34;
1;8000030;47; CN;RDO;6; 2000-01-01; 12:56:21;8;34;
1;8000030;30; CN;RDO;6; 2000-01-01; 13:04:44;9;34;
1;8000030;37; CN;RDO;6; 2000-01-01; 13:12:49;10;34;
1;8000030;53; CN;RDO;6; 2000-01-01; 13:21:51;11;34;
1;8000030;39; CN;RDO;6; 2000-01-01; 13:37:32;12;34;
1;8000030;63; CN;RDO;6; 2000-01-01; 13:43:20;13;34;
1;8000030;44; CN;RDO;6; 2000-01-01; 13:54:02;14;34;
1;8000030;62; CN;RDO;6; 2000-01-01; 14:03:09;15;34;
1;8000030;20; CN;RDO;6; 2000-01-01; 14:09:49;16;34;
1;8000030;36; CN;RDO;6; 2000-01-01; 14:22:27;17;34;
1;8000030;43; CN;RDO;6; 2000-01-01; 14:38:34;18;34;
1;8000030;38; CN;RDO;6; 2000-01-01; 14:50:28;19;34;
1;8000030;60; CN;RDO;6; 2000-01-01; 15:00:10;20;34;
1;8000030;24; CN;RDO;6; 2000-01-01; 15:08:37;21;34;
1;8000030;64; CN;RDO;6; 2000-01-01; 15:24:10;22;34;
1;8000030;50; CN;RDO;6; 2000-01-01; 15:39:30;23;34;
1;8000030;42; CN;RDO;6; 2000-01-01; 16:16:00;24;34;
1;8000030;34; CN;RDO;6; 2000-01-01; 16:25:10;25;34;
1;8000030;46; CN;RDO;6; 2000-01-01; 16:43:19;26;34;
1;8000030;61; CN;RDO;6; 2000-01-01; 16:54:43;27;34;
1;8000030;45; CN;RDO;6; 2000-01-01; 17:07:34;28;34;
1;8000030;65; CN;RDO;6; 2000-01-01; 17:20:35;29;34;
1;8000030;52; CN;RDO;6; 2000-01-01; 17:39:35;30;34;
1;8000030;22; CN;RDO;6; 2000-01-01; 17:56:19;31;34;
1;8000030;;FIN;RDO;6; 2000-01-01; 18:03:53.832;33;34;
1;8000030;;FIN;RDO;6; 2000-01-01; 18:03:53.832;32;34;
1;8643075;8;CLR;RDO;6; 2000-01-01; 11:59:24;1;21;
1;8643075;8;CHK;RDO;6; 2000-01-01; 11:59:24;2;21;
1;8643075;23; CN;RDO;6; 2000-01-01; 12:14:29;3;21;
1;8643075;51; CN;RDO;6; 2000-01-01; 12:28:27;4;21;
1;8643075;50; CN;RDO;6; 2000-01-01; 12:45:11;5;21;
1;8643075;64; CN;RDO;6; 2000-01-01; 13:10:21;6;21;
1;8643075;41; CN;RDO;6; 2000-01-01; 13:34:04;7;21;
1;8643075;24; CN;RDO;6; 2000-01-01; 13:44:11;8;21;
1;8643075;35; CN;RDO;6; 2000-01-01; 13:59:15;9;21;
1;8643075;60; CN;RDO;6; 2000-01-01; 14:16:22;10;21;
1;8643075;38; CN;RDO;6; 2000-01-01; 14:39:39;11;21;
1;8643075;43; CN;RDO;6; 2000-01-01; 15:04:09;12;21;
1;8643075;36; CN;RDO;6; 2000-01-01; 15:36:35;13;21;
1;8643075;62; CN;RDO;6; 2000-01-01; 16:02:02;14;21;
1;8643075;44; CN;RDO;6; 2000-01-01; 16:24:00;15;21;
1;8643075;63; CN;RDO;6; 2000-01-01; 16:48:38;16;21;
1;8643075;39; CN;RDO;6; 2000-01-01; 17:00:38;17;21;
1;8643075;47; CN;RDO;6; 2000-01-01; 17:52:28;18;21;
1;8643075;;FIN;RDO;6; 2000-01-01; 18:09:23.218;20;21;
1;8643075;;FIN;RDO;6; 2000-01-01; 18:09:23.218;19;21;
1;8643074;8;CLR;RDO;6; 2000-01-01; 11:58:59;1;21;
1;8643074;8;CHK;RDO;6; 2000-01-01; 11:58:59;2;21;
1;8643074;23; CN;RDO;6; 2000-01-01; 12:14:31;3;21;
1;8643074;51; CN;RDO;6; 2000-01-01; 12:28:24;4;21;
1;8643074;50; CN;RDO;6; 2000-01-01; 12:45:13;5;21;
1;8643074;64; CN;RDO;6; 2000-01-01; 13:10:26;6;21;
1;8643074;41; CN;RDO;6; 2000-01-01; 13:34:06;7;21;
1;8643074;24; CN;RDO;6; 2000-01-01; 13:44:09;8;21;
1;8643074;35; CN;RDO;6; 2000-01-01; 13:59:16;9;21;
1;8643074;60; CN;RDO;6; 2000-01-01; 14:16:25;10;21;
1;8643074;38; CN;RDO;6; 2000-01-01; 14:39:41;11;21;
1;8643074;43; CN;RDO;6; 2000-01-01; 15:04:12;12;21;
1;8643074;36; CN;RDO;6; 2000-01-01; 15:36:32;13;21;
1;8643074;62; CN;RDO;6; 2000-01-01; 16:01:59;14;21;
1;8643074;44; CN;RDO;6; 2000-01-01; 16:24:03;15;21;
1;8643074;63; CN;RDO;6; 2000-01-01; 16:48:40;16;21;
1;8643074;39; CN;RDO;6; 2000-01-01; 17:00:44;17;21;
1;8643074;47; CN;RDO;6; 2000-01-01; 17:52:32;18;21;
1;8643074;;FIN;RDO;6; 2000-01-01; 18:09:24.640;20;21;
1;8643074;;FIN;RDO;6; 2000-01-01; 18:09:24.640;19;21;
1;8643076;8;CLR;RDO;6; 2000-01-01; 11:59:29;1;21;
1;8643076;8;CHK;RDO;6; 2000-01-01; 11:59:29;2;21;
1;8643076;23; CN;RDO;6; 2000-01-01; 12:14:26;3;21;
1;8643076;51; CN;RDO;6; 2000-01-01; 12:28:21;4;21;
1;8643076;50; CN;RDO;6; 2000-01-01; 12:45:09;5;21;
1;8643076;64; CN;RDO;6; 2000-01-01; 13:10:24;6;21;
1;8643076;41; CN;RDO;6; 2000-01-01; 13:34:01;7;21;
1;8643076;24; CN;RDO;6; 2000-01-01; 13:44:06;8;21;
1;8643076;35; CN;RDO;6; 2000-01-01; 13:59:13;9;21;
1;8643076;60; CN;RDO;6; 2000-01-01; 14:16:20;10;21;
1;8643076;38; CN;RDO;6; 2000-01-01; 14:39:33;11;21;
1;8643076;43; CN;RDO;6; 2000-01-01; 15:04:02;12;21;
1;8643076;36; CN;RDO;6; 2000-01-01; 15:36:27;13;21;
1;8643076;62; CN;RDO;6; 2000-01-01; 16:01:57;14;21;
1;8643076;44; CN;RDO;6; 2000-01-01; 16:23:59;15;21;
1;8643076;63; CN;RDO;6; 2000-01-01; 16:48:35;16;21;
1;8643076;39; CN;RDO;6; 2000-01-01; 17:00:41;17;21;
1;8643076;47; CN;RDO;6; 2000-01-01; 17:52:26;18;21;
1;8643076;;FIN;RDO;6; 2000-01-01; 18:09:26.625;20;21;
1;8643076;;FIN;RDO;6; 2000-01-01; 18:09:26.625;19;21;
1;8643089;8;CLR;RDO;6; 2000-01-01; 11:58:07;1;33;
1;8643089;8;CHK;RDO;6; 2000-01-01; 11:58:07;2;33;
1;8643089;22; CN;RDO;6; 2000-01-01; 12:08:48;3;33;
1;8643089;31; CN;RDO;6; 2000-01-01; 12:18:11;4;33;
1;8643089;21; CN;RDO;6; 2000-01-01; 12:26:04;5;33;
1;8643089;32; CN;RDO;6; 2000-01-01; 12:32:04;6;33;
1;8643089;40; CN;RDO;6; 2000-01-01; 12:52:52;7;33;
1;8643089;42; CN;RDO;6; 2000-01-01; 13:16:16;8;33;
1;8643089;34; CN;RDO;6; 2000-01-01; 13:26:18;9;33;
1;8643089;25; CN;RDO;6; 2000-01-01; 13:37:13;10;33;
1;8643089;46; CN;RDO;6; 2000-01-01; 13:48:07;11;33;
1;8643089;54; CN;RDO;6; 2000-01-01; 13:58:05;12;33;
1;8643089;52; CN;RDO;6; 2000-01-01; 14:11:29;13;33;
1;8643089;61; CN;RDO;6; 2000-01-01; 14:19:37;14;33;
1;8643089;45; CN;RDO;6; 2000-01-01; 14:33:59;15;33;
1;8643089;65; CN;RDO;6; 2000-01-01; 14:51:21;16;33;
1;8643089;53; CN;RDO;6; 2000-01-01; 15:07:08;17;33;
1;8643089;39; CN;RDO;6; 2000-01-01; 15:25:59;18;33;
1;8643089;63; CN;RDO;6; 2000-01-01; 15:33:14;19;33;
1;8643089;44; CN;RDO;6; 2000-01-01; 15:49:51;20;33;
1;8643089;62; CN;RDO;6; 2000-01-01; 16:05:41;21;33;
1;8643089;20; CN;RDO;6; 2000-01-01; 16:14:40;22;33;
1;8643089;36; CN;RDO;6; 2000-01-01; 16:26:56;23;33;
1;8643089;33; CN;RDO;6; 2000-01-01; 16:38:15;24;33;
1;8643089;35; CN;RDO;6; 2000-01-01; 16:52:34;25;33;
1;8643089;24; CN;RDO;6; 2000-01-01; 17:01:23;26;33;
1;8643089;41; CN;RDO;6; 2000-01-01; 17:11:58;27;33;
1;8643089;50; CN;RDO;6; 2000-01-01; 17:27:31;28;33;
1;8643089;51; CN;RDO;6; 2000-01-01; 17:35:49;29;33;
1;8643089;23; CN;RDO;6; 2000-01-01; 17:47:25;30;33;
1;8643089;;FIN;RDO;6; 2000-01-01; 17:57:32.519;32;33;
1;8643089;;FIN;RDO;6; 2000-01-01; 17:57:32.519;31;33;
1;896937;8;CLR;RDO;6; 2000-01-01; 11:57:11;0;31;
1;896937;22; CN;RDO;6; 2000-01-01; 12:08:45;1;31;
1;896937;31; CN;RDO;6; 2000-01-01; 12:18:16;2;31;
1;896937;21; CN;RDO;6; 2000-01-01; 12:26:01;3;31;
1;896937;32; CN;RDO;6; 2000-01-01; 12:32:02;4;31;
1;896937;40; CN;RDO;6; 2000-01-01; 12:52:54;5;31;
1;896937;42; CN;RDO;6; 2000-01-01; 13:16:14;6;31;
1;896937;34; CN;RDO;6; 2000-01-01; 13:26:10;7;31;
1;896937;34; CN;RDO;6; 2000-01-01; 13:26:11;8;31;
1;896937;25; CN;RDO;6; 2000-01-01; 13:37:10;9;31;
1;896937;46; CN;RDO;6; 2000-01-01; 13:48:12;10;31;
1;896937;54; CN;RDO;6; 2000-01-01; 13:58:03;11;31;
1;896937;52; CN;RDO;6; 2000-01-01; 14:11:23;12;31;
1;896937;61; CN;RDO;6; 2000-01-01; 14:19:34;13;31;
1;896937;45; CN;RDO;6; 2000-01-01; 14:33:56;14;31;
1;896937;65; CN;RDO;6; 2000-01-01; 14:51:14;15;31;
1;896937;53; CN;RDO;6; 2000-01-01; 15:07:06;16;31;
1;896937;39; CN;RDO;6; 2000-01-01; 15:26:02;17;31;
1;896937;63; CN;RDO;6; 2000-01-01; 15:33:16;18;31;
1;896937;44; CN;RDO;6; 2000-01-01; 15:49:46;19;31;
1;896937;62; CN;RDO;6; 2000-01-01; 16:05:42;20;31;
1;896937;20; CN;RDO;6; 2000-01-01; 16:14:37;21;31;
1;896937;36; CN;RDO;6; 2000-01-01; 16:26:50;22;31;
1;896937;33; CN;RDO;6; 2000-01-01; 16:38:12;23;31;
1;896937;35; CN;RDO;6; 2000-01-01; 16:52:32;24;31;
1;896937;24; CN;RDO;6; 2000-01-01; 17:01:19;25;31;
1;896937;41; CN;RDO;6; 2000-01-01; 17:12:00;26;31;
1;896937;50; CN;RDO;6; 2000-01-01; 17:27:29;27;31;
1;896937;51; CN;RDO;6; 2000-01-01; 17:35:45;28;31;
1;896937;23; CN;RDO;6; 2000-01-01; 17:47:22;29;31;
1;896937;;FIN;RDO;6; 2000-01-01; 17:57:34.589;30;31;
1;8643090;8;CLR;RDO;6; 2000-01-01; 11:58:23;1;33;
1;8643090;8;CHK;RDO;6; 2000-01-01; 11:58:23;2;33;
1;8643090;22; CN;RDO;6; 2000-01-01; 12:08:48;3;33;
1;8643090;31; CN;RDO;6; 2000-01-01; 12:18:13;4;33;
1;8643090;21; CN;RDO;6; 2000-01-01; 12:26:06;5;33;
1;8643090;32; CN;RDO;6; 2000-01-01; 12:32:03;6;33;
1;8643090;40; CN;RDO;6; 2000-01-01; 12:52:56;7;33;
1;8643090;42; CN;RDO;6; 2000-01-01; 13:16:11;8;33;
1;8643090;34; CN;RDO;6; 2000-01-01; 13:26:08;9;33;
1;8643090;25; CN;RDO;6; 2000-01-01; 13:37:08;10;33;
1;8643090;46; CN;RDO;6; 2000-01-01; 13:48:03;11;33;
1;8643090;54; CN;RDO;6; 2000-01-01; 13:58:01;12;33;
1;8643090;52; CN;RDO;6; 2000-01-01; 14:11:26;13;33;
1;8643090;61; CN;RDO;6; 2000-01-01; 14:19:30;14;33;
1;8643090;45; CN;RDO;6; 2000-01-01; 14:33:54;15;33;
1;8643090;65; CN;RDO;6; 2000-01-01; 14:51:17;16;33;
1;8643090;53; CN;RDO;6; 2000-01-01; 15:07:02;17;33;
1;8643090;39; CN;RDO;6; 2000-01-01; 15:25:54;18;33;
1;8643090;63; CN;RDO;6; 2000-01-01; 15:33:09;19;33;
1;8643090;44; CN;RDO;6; 2000-01-01; 15:49:48;20;33;
1;8643090;62; CN;RDO;6; 2000-01-01; 16:05:45;21;33;
1;8643090;20; CN;RDO;6; 2000-01-01; 16:14:34;22;33;
1;8643090;36; CN;RDO;6; 2000-01-01; 16:26:52;23;33;
1;8643090;33; CN;RDO;6; 2000-01-01; 16:38:10;24;33;
1;8643090;35; CN;RDO;6; 2000-01-01; 16:52:30;25;33;
1;8643090;24; CN;RDO;6; 2000-01-01; 17:01:22;26;33;
1;8643090;41; CN;RDO;6; 2000-01-01; 17:12:04;27;33;
1;8643090;50; CN;RDO;6; 2000-01-01; 17:27:33;28;33;
1;8643090;51; CN;RDO;6; 2000-01-01; 17:35:47;29;33;
1;8643090;23; CN;RDO;6; 2000-01-01; 17:47:23;30;33;
1;8643090;;FIN;RDO;6; 2000-01-01; 17:57:39.441;32;33;
1;8643090;;FIN;RDO;6; 2000-01-01; 17:57:39.441;31;33;
1;7202737;8;CLR;RDO;6; 2000-01-01; 11:50:17;0;23;
1;7202737;8;CHK;RDO;6; 2000-01-01; 11:50:17;1;23;
1;7202737;22; CN;RDO;6; 2000-01-01; 12:10:58;2;23;
1;7202737;22; CN;RDO;6; 2000-01-01; 12:10:59;3;23;
1;7202737;25; CN;RDO;6; 2000-01-01; 12:22:06;4;23;
1;7202737;46; CN;RDO;6; 2000-01-01; 12:36:26;5;23;
1;7202737;54; CN;RDO;6; 2000-01-01; 12:49:17;6;23;
1;7202737;52; CN;RDO;6; 2000-01-01; 13:08:12;7;23;
1;7202737;61; CN;RDO;6; 2000-01-01; 13:19:45;8;23;
1;7202737;65; CN;RDO;6; 2000-01-01; 13:38:25;9;23;
1;7202737;53; CN;RDO;6; 2000-01-01; 14:01:46;10;23;
1;7202737;39; CN;RDO;6; 2000-01-01; 14:29:30;11;23;
1;7202737;63; CN;RDO;6; 2000-01-01; 14:39:19;12;23;
1;7202737;44; CN;RDO;6; 2000-01-01; 15:00:05;13;23;
1;7202737;62; CN;RDO;6; 2000-01-01; 15:16:43;14;23;
1;7202737;43; CN;RDO;6; 2000-01-01; 15:49:19;15;23;
1;7202737;38; CN;RDO;6; 2000-01-01; 16:16:37;16;23;
1;7202737;60; CN;RDO;6; 2000-01-01; 16:44:44;17;23;
1;7202737;24; CN;RDO;6; 2000-01-01; 17:01:13;18;23;
1;7202737;41; CN;RDO;6; 2000-01-01; 17:12:46;19;23;
1;7202737;51; CN;RDO;6; 2000-01-01; 17:45:20;20;23;
1;7202737;23; CN;RDO;6; 2000-01-01; 17:58:23;21;23;
1;7202737;;FIN;RDO;6; 2000-01-01; 18:13:00.394;22;23;
1;8643085;62; CN;RDO;6; 2000-01-01; 13:23:54;7;22;
1;8643085;44; CN;RDO;6; 2000-01-01; 13:42:32;8;22;
1;8643085;63; CN;RDO;6; 2000-01-01; 14:05:44;9;22;
1;8643085;39; CN;RDO;6; 2000-01-01; 14:19:26;10;22;
1;8643085;37; CN;RDO;6; 2000-01-01; 14:47:10;11;22;
1;8643085;53; CN;RDO;6; 2000-01-01; 15:09:24;12;22;
1;8643085;65; CN;RDO;6; 2000-01-01; 15:37:46;13;22;
1;8643085;52; CN;RDO;6; 2000-01-01; 16:03:22;14;22;
1;8643085;61; CN;RDO;6; 2000-01-01; 16:16:43;15;22;
1;8643085;46; CN;RDO;6; 2000-01-01; 16:37:33;16;22;
1;8643085;25; CN;RDO;6; 2000-01-01; 16:56:16;17;22;
1;8643085;34; CN;RDO;6; 2000-01-01; 17:19:39;18;22;
1;8643085;42; CN;RDO;6; 2000-01-01; 17:32:44;19;22;
1;8643085;;FIN;RDO;6; 2000-01-01; 18:03:03.441;21;22;
1;8643085;;FIN;RDO;6; 2000-01-01; 18:03:03.441;20;22;
1;8643085;8;CLR;RDO;6; 2000-01-01; 11:57:54;1;22;
1;8643085;8;CHK;RDO;6; 2000-01-01; 11:57:54;2;22;
1;8643085;47; CN;RDO;6; 2000-01-01; 12:17:39;3;22;
1;8643085;33; CN;RDO;6; 2000-01-01; 12:32:08;4;22;
1;8643085;36; CN;RDO;6; 2000-01-01; 12:49:14;5;22;
1;8643085;20; CN;RDO;6; 2000-01-01; 13:09:08;6;22;
1;8643085;62; CN;RDO;6; 2000-01-01; 13:23:54;7;22;
1;8643085;44; CN;RDO;6; 2000-01-01; 13:42:32;8;22;
1;8643085;63; CN;RDO;6; 2000-01-01; 14:05:44;9;22;
1;8643085;39; CN;RDO;6; 2000-01-01; 14:19:26;10;22;
1;8643085;37; CN;RDO;6; 2000-01-01; 14:47:10;11;22;
1;8643085;53; CN;RDO;6; 2000-01-01; 15:09:24;12;22;
1;8643085;65; CN;RDO;6; 2000-01-01; 15:37:46;13;22;
1;8643085;52; CN;RDO;6; 2000-01-01; 16:03:22;14;22;
1;8643085;61; CN;RDO;6; 2000-01-01; 16:16:43;15;22;
1;8643085;46; CN;RDO;6; 2000-01-01; 16:37:33;16;22;
1;8643085;25; CN;RDO;6; 2000-01-01; 16:56:16;17;22;
1;8643085;34; CN;RDO;6; 2000-01-01; 17:19:39;18;22;
1;8643085;42; CN;RDO;6; 2000-01-01; 17:32:44;19;22;
1;8643085;;FIN;RDO;6; 2000-01-01; 18:03:03.441;21;22;
1;8643085;;FIN;RDO;6; 2000-01-01; 18:03:03.441;20;22;
1;8643086;8;CLR;RDO;6; 2000-01-01; 11:58:04;1;22;
1;8643086;8;CHK;RDO;6; 2000-01-01; 11:58:04;2;22;
1;8643086;47; CN;RDO;6; 2000-01-01; 12:17:41;3;22;
1;8643086;33; CN;RDO;6; 2000-01-01; 12:32:12;4;22;
1;8643086;36; CN;RDO;6; 2000-01-01; 12:49:16;5;22;
1;8643086;20; CN;RDO;6; 2000-01-01; 13:09:06;6;22;
1;8643086;62; CN;RDO;6; 2000-01-01; 13:23:57;7;22;
1;8643086;44; CN;RDO;6; 2000-01-01; 13:42:36;8;22;
1;8643086;63; CN;RDO;6; 2000-01-01; 14:05:43;9;22;
1;8643086;39; CN;RDO;6; 2000-01-01; 14:19:30;10;22;
1;8643086;37; CN;RDO;6; 2000-01-01; 14:47:07;11;22;
1;8643086;53; CN;RDO;6; 2000-01-01; 15:09:28;12;22;
1;8643086;65; CN;RDO;6; 2000-01-01; 15:37:44;13;22;
1;8643086;52; CN;RDO;6; 2000-01-01; 16:03:19;14;22;
1;8643086;61; CN;RDO;6; 2000-01-01; 16:16:50;15;22;
1;8643086;46; CN;RDO;6; 2000-01-01; 16:37:37;16;22;
1;8643086;25; CN;RDO;6; 2000-01-01; 16:56:21;17;22;
1;8643086;34; CN;RDO;6; 2000-01-01; 17:19:34;18;22;
1;8643086;42; CN;RDO;6; 2000-01-01; 17:32:52;19;22;
1;8643086;;FIN;RDO;6; 2000-01-01; 18:03:05.066;21;22;
1;8643086;;FIN;RDO;6; 2000-01-01; 18:03:05.066;20;22;
